V1,V2,V3,V4,V5,V6,V7,V8,V9,V10,V11,V12,V13,V14,V15,V16,V17,V18,V19,V20,V21,V22,V23,V24,V25,V26,V27,V28,V29,V30,V31,V32,V33,V34,V35,V36,V37,V38,V39,V40,V41,V42,V43,V44,V45,V46,V47,V48,V49,V50,V51,V52,V53,V54,V55,V56,V57,V58,V59,V60,V61,V62,V63,V64,V65,V66,V67,V68,V69,V70,V71,V72,V73,V74,V75,V76,V77,V78,V79,V80,V81,V82,V83,V84,V85,V86,V87,V88,V89,V90,V91,V92,V93,V94,V95,V96,V97,V98,V99,V100,V101,V102,V103,V104,V105,V106,V107,V108,V109,V110,V111,V112,V113,V114,V115,V116,V117,V118,V119,V120,V121,V122,V123,V124,V125
16.2149,1.0753,0.2725,0.2753,0,0,0,0.5499,0,1.0945,2.1698,1.0891,1.6235,1.6172,0,0,0.256,2.6897,0.2683,0,0,0,0,0.804,0,0,0,0,0,NA,NA,NA,NA,NA,NA,NA,NA,NA,NA,NA,NA,NA,NA,NA,NA,NA,NA,NA,NA,NA,NA,NA,NA,NA,NA,NA,NA,NA,NA,NA,NA,NA,NA,NA,NA,NA,NA,NA,NA,NA,NA,NA,NA,NA,NA,NA,NA,NA,NA,NA,NA,NA,NA,NA,NA,NA,NA,NA,NA,NA,NA,NA,NA,NA,NA,NA,NA,NA,NA,NA,NA,NA,NA,NA,NA,NA,NA,NA,NA,NA,NA,NA,NA,NA,NA,NA,NA,NA,NA,NA,NA,NA,NA,NA,NA
13.128,3.1108,0.5027,0.1674,0,0,0.0872,0.4205,0.6259,1.1222,2.7244,0,1.7195,3.5822,0.2806,0,1.0441,2.0034,0.4811,0,0,0,0,0,0,0,0,0,0,0,NA,NA,NA,NA,NA,NA,NA,NA,NA,NA,NA,NA,NA,NA,NA,NA,NA,NA,NA,NA,NA,NA,NA,NA,NA,NA,NA,NA,NA,NA,NA,NA,NA,NA,NA,NA,NA,NA,NA,NA,NA,NA,NA,NA,NA,NA,NA,NA,NA,NA,NA,NA,NA,NA,NA,NA,NA,NA,NA,NA,NA,NA,NA,NA,NA,NA,NA,NA,NA,NA,NA,NA,NA,NA,NA,NA,NA,NA,NA,NA,NA,NA,NA,NA,NA,NA,NA,NA,NA,NA,NA,NA,NA,NA,NA
14.6559,3.0354,0.1793,0.6788,0,0,0.0187,1.203,0.224,0.4214,3.9073,0.3584,0,3.2332,0.4662,0.0846,1.3585,0.9607,0.0452,0.1929,0.1929,0.1157,0,0.2313,0,0.1606,0.1605,0.1155,0,0,0,NA,NA,NA,NA,NA,NA,NA,NA,NA,NA,NA,NA,NA,NA,NA,NA,NA,NA,NA,NA,NA,NA,NA,NA,NA,NA,NA,NA,NA,NA,NA,NA,NA,NA,NA,NA,NA,NA,NA,NA,NA,NA,NA,NA,NA,NA,NA,NA,NA,NA,NA,NA,NA,NA,NA,NA,NA,NA,NA,NA,NA,NA,NA,NA,NA,NA,NA,NA,NA,NA,NA,NA,NA,NA,NA,NA,NA,NA,NA,NA,NA,NA,NA,NA,NA,NA,NA,NA,NA,NA,NA,NA,NA,NA
9.1934,3.3466,0.1361,0,0.0792,0.3884,0,0.1506,0.1915,0.2061,4.4345,0.1987,0.8262,2.8997,0.6895,0,1.1444,1.7068,0.1514,0.0757,0,0,0,0,0.0757,0,0.3678,0,0,6.7379,0,0,NA,NA,NA,NA,NA,NA,NA,NA,NA,NA,NA,NA,NA,NA,NA,NA,NA,NA,NA,NA,NA,NA,NA,NA,NA,NA,NA,NA,NA,NA,NA,NA,NA,NA,NA,NA,NA,NA,NA,NA,NA,NA,NA,NA,NA,NA,NA,NA,NA,NA,NA,NA,NA,NA,NA,NA,NA,NA,NA,NA,NA,NA,NA,NA,NA,NA,NA,NA,NA,NA,NA,NA,NA,NA,NA,NA,NA,NA,NA,NA,NA,NA,NA,NA,NA,NA,NA,NA,NA,NA,NA,NA,NA
12.2962,3.5272,0,0.064,0.1631,0,0.3891,0.3733,0.3215,0.3059,4.3746,0.072,0.2907,4.2078,0.4066,0.2031,1.978,4.1696,0,0,0.078,0,0.078,0.1559,0.078,0.0779,0.2338,0.0779,0,0.0779,0,0,0,NA,NA,NA,NA,NA,NA,NA,NA,NA,NA,NA,NA,NA,NA,NA,NA,NA,NA,NA,NA,NA,NA,NA,NA,NA,NA,NA,NA,NA,NA,NA,NA,NA,NA,NA,NA,NA,NA,NA,NA,NA,NA,NA,NA,NA,NA,NA,NA,NA,NA,NA,NA,NA,NA,NA,NA,NA,NA,NA,NA,NA,NA,NA,NA,NA,NA,NA,NA,NA,NA,NA,NA,NA,NA,NA,NA,NA,NA,NA,NA,NA,NA,NA,NA,NA,NA,NA,NA,NA,NA,NA,NA
10.369,1.7888,0.1647,0,0.0426,0.1172,0.3388,0.1213,0.2881,0.4592,3.7101,0.4538,0.7045,3.3415,0.896,0.244,2.4283,2.707,0.0375,0,0,0.0808,0.0808,0,0.0404,0.1614,0.6018,0,0,0,1.8637,3.9586,0,0,NA,NA,NA,NA,NA,NA,NA,NA,NA,NA,NA,NA,NA,NA,NA,NA,NA,NA,NA,NA,NA,NA,NA,NA,NA,NA,NA,NA,NA,NA,NA,NA,NA,NA,NA,NA,NA,NA,NA,NA,NA,NA,NA,NA,NA,NA,NA,NA,NA,NA,NA,NA,NA,NA,NA,NA,NA,NA,NA,NA,NA,NA,NA,NA,NA,NA,NA,NA,NA,NA,NA,NA,NA,NA,NA,NA,NA,NA,NA,NA,NA,NA,NA,NA,NA,NA,NA,NA,NA,NA,NA
12.5704,2.2186,0.1141,0,0,0,0.2263,0.1638,0.4636,0.3383,4.2886,0.2553,0.5387,5.446,1.5954,0.0346,2.7387,4.0536,0.3789,0.1131,0.1892,0,0,0.0511,0,0,0.2217,0,0,0,0,0,0,0,0,NA,NA,NA,NA,NA,NA,NA,NA,NA,NA,NA,NA,NA,NA,NA,NA,NA,NA,NA,NA,NA,NA,NA,NA,NA,NA,NA,NA,NA,NA,NA,NA,NA,NA,NA,NA,NA,NA,NA,NA,NA,NA,NA,NA,NA,NA,NA,NA,NA,NA,NA,NA,NA,NA,NA,NA,NA,NA,NA,NA,NA,NA,NA,NA,NA,NA,NA,NA,NA,NA,NA,NA,NA,NA,NA,NA,NA,NA,NA,NA,NA,NA,NA,NA,NA,NA,NA,NA,NA,NA
12.5652,2.9194,0.1135,0.2563,0,0.0869,0,0.4322,0.3292,0.636,5.1389,0.4214,0.6703,4.0549,1.0888,0.2401,2.8182,3.4153,0.3845,0.1355,0.3718,0.0496,0.0248,0.0856,0.0743,0.2595,0.1715,0.0247,0.0742,0,0.1474,0,0.0102,0,0,0,NA,NA,NA,NA,NA,NA,NA,NA,NA,NA,NA,NA,NA,NA,NA,NA,NA,NA,NA,NA,NA,NA,NA,NA,NA,NA,NA,NA,NA,NA,NA,NA,NA,NA,NA,NA,NA,NA,NA,NA,NA,NA,NA,NA,NA,NA,NA,NA,NA,NA,NA,NA,NA,NA,NA,NA,NA,NA,NA,NA,NA,NA,NA,NA,NA,NA,NA,NA,NA,NA,NA,NA,NA,NA,NA,NA,NA,NA,NA,NA,NA,NA,NA,NA,NA,NA,NA,NA,NA
12.8285,2.0234,0.1613,0.2085,0.0417,0.51,0,0.5977,0,0.442,6.2827,0.284,0.9223,3.2192,0.7396,0.2732,2.8807,3.3442,0.305,0.0815,0.0893,0.3124,0,0.1546,0.0446,0.3166,0,0,0,0,0.0651,0.1334,0.5214,1.2173,0,0,0,NA,NA,NA,NA,NA,NA,NA,NA,NA,NA,NA,NA,NA,NA,NA,NA,NA,NA,NA,NA,NA,NA,NA,NA,NA,NA,NA,NA,NA,NA,NA,NA,NA,NA,NA,NA,NA,NA,NA,NA,NA,NA,NA,NA,NA,NA,NA,NA,NA,NA,NA,NA,NA,NA,NA,NA,NA,NA,NA,NA,NA,NA,NA,NA,NA,NA,NA,NA,NA,NA,NA,NA,NA,NA,NA,NA,NA,NA,NA,NA,NA,NA,NA,NA,NA,NA,NA,NA
10.4568,1.5652,0.195,0.0406,0.1087,0,0.2895,0.8574,0.6402,0.164,5.9167,0.759,0.7085,5.4962,1.4668,0.0559,3.8853,3.2647,0.5237,0.1878,0.2346,0.0201,0.087,0.1736,0.1003,0.4677,0.5454,0.0999,0.0333,0,0,0.0062,0.4417,0.071,0.1371,0,0,0,NA,NA,NA,NA,NA,NA,NA,NA,NA,NA,NA,NA,NA,NA,NA,NA,NA,NA,NA,NA,NA,NA,NA,NA,NA,NA,NA,NA,NA,NA,NA,NA,NA,NA,NA,NA,NA,NA,NA,NA,NA,NA,NA,NA,NA,NA,NA,NA,NA,NA,NA,NA,NA,NA,NA,NA,NA,NA,NA,NA,NA,NA,NA,NA,NA,NA,NA,NA,NA,NA,NA,NA,NA,NA,NA,NA,NA,NA,NA,NA,NA,NA,NA,NA,NA,NA,NA
13.9544,2.4484,0.1325,0.1096,0,0,0.1019,0.0602,0,0.4917,4.6251,0.6981,0.6616,4.2892,1.5546,0.1263,3.9383,3.8665,0.8613,0.0364,0.2279,0.0805,0.0893,0.1075,0,0.3251,0.6179,0.0489,0,0.0399,0,0,0,0.2083,0.0398,0,0.2589,0,0,NA,NA,NA,NA,NA,NA,NA,NA,NA,NA,NA,NA,NA,NA,NA,NA,NA,NA,NA,NA,NA,NA,NA,NA,NA,NA,NA,NA,NA,NA,NA,NA,NA,NA,NA,NA,NA,NA,NA,NA,NA,NA,NA,NA,NA,NA,NA,NA,NA,NA,NA,NA,NA,NA,NA,NA,NA,NA,NA,NA,NA,NA,NA,NA,NA,NA,NA,NA,NA,NA,NA,NA,NA,NA,NA,NA,NA,NA,NA,NA,NA,NA,NA,NA,NA,NA
13.0103,3.4202,0.0114,0.0916,0.0491,0.1616,0,0.1511,0.0257,0.4492,4.5734,0.7706,0.7055,4.7076,1.138,0.1428,2.6997,4.4168,0.6653,0.0984,0.2489,0.1131,0.0528,0.1658,0.0452,0.271,0.2404,0,0.1202,0.0225,0.1127,0,0.045,0,0,0,0.0149,2.2593,0,0,NA,NA,NA,NA,NA,NA,NA,NA,NA,NA,NA,NA,NA,NA,NA,NA,NA,NA,NA,NA,NA,NA,NA,NA,NA,NA,NA,NA,NA,NA,NA,NA,NA,NA,NA,NA,NA,NA,NA,NA,NA,NA,NA,NA,NA,NA,NA,NA,NA,NA,NA,NA,NA,NA,NA,NA,NA,NA,NA,NA,NA,NA,NA,NA,NA,NA,NA,NA,NA,NA,NA,NA,NA,NA,NA,NA,NA,NA,NA,NA,NA,NA,NA,NA,NA
5.1938,1.7994,0.116,0,0.047,0,0.047,0.1626,0.2685,0.0049,1.5926,0.3683,0.1177,2.0399,0.4823,0.045,0.7561,1.2299,0.2653,0.0883,0.0441,0.1618,0.0881,0.1761,0,0.2342,0.3507,0,0,0,0.0875,0,0,0,0,0,0,0.9507,25.2819,0,0,NA,NA,NA,NA,NA,NA,NA,NA,NA,NA,NA,NA,NA,NA,NA,NA,NA,NA,NA,NA,NA,NA,NA,NA,NA,NA,NA,NA,NA,NA,NA,NA,NA,NA,NA,NA,NA,NA,NA,NA,NA,NA,NA,NA,NA,NA,NA,NA,NA,NA,NA,NA,NA,NA,NA,NA,NA,NA,NA,NA,NA,NA,NA,NA,NA,NA,NA,NA,NA,NA,NA,NA,NA,NA,NA,NA,NA,NA,NA,NA,NA,NA,NA,NA
12.6061,2.6479,0.2238,0.0316,0.0261,0.1302,0,0.4562,0.3778,0.5614,4.99,0.6006,0.6933,4.4583,1.5299,0.1739,5.0803,4.4382,0.7966,0,0.0765,0.2568,0.0336,0.1921,0.0213,0.6514,1.1299,0,0.1333,0,0,0.1541,0,0,0.0333,0.0665,0.0333,0.15,0.2458,0,0,0,NA,NA,NA,NA,NA,NA,NA,NA,NA,NA,NA,NA,NA,NA,NA,NA,NA,NA,NA,NA,NA,NA,NA,NA,NA,NA,NA,NA,NA,NA,NA,NA,NA,NA,NA,NA,NA,NA,NA,NA,NA,NA,NA,NA,NA,NA,NA,NA,NA,NA,NA,NA,NA,NA,NA,NA,NA,NA,NA,NA,NA,NA,NA,NA,NA,NA,NA,NA,NA,NA,NA,NA,NA,NA,NA,NA,NA,NA,NA,NA,NA,NA,NA
12.9129,3.2569,0.035,0,0,0.0589,0.1655,0.1628,0.136,0.1724,4.5544,0.5375,0.5984,6.3109,2.1947,0.2009,4.2253,5.7557,0.8312,0.1526,0.1727,0.1769,0,0.1186,0,0.0608,0.5453,0.1254,0.1504,0,0.0335,0.1837,0.0209,0.0042,0.0209,0.0209,0,0.1042,0,0,0,0,0,NA,NA,NA,NA,NA,NA,NA,NA,NA,NA,NA,NA,NA,NA,NA,NA,NA,NA,NA,NA,NA,NA,NA,NA,NA,NA,NA,NA,NA,NA,NA,NA,NA,NA,NA,NA,NA,NA,NA,NA,NA,NA,NA,NA,NA,NA,NA,NA,NA,NA,NA,NA,NA,NA,NA,NA,NA,NA,NA,NA,NA,NA,NA,NA,NA,NA,NA,NA,NA,NA,NA,NA,NA,NA,NA,NA,NA,NA,NA,NA,NA,NA
10.6935,2.7014,0.0384,0.1255,0,0,0.1561,0.1007,0.6326,0.3626,4.513,0.6597,1.1434,5.6934,2.337,0.2447,4.3931,5.7393,0.8711,0.4351,0.1812,0.0905,0.0182,0.3978,0,0.5409,2.1179,0.1608,0.2855,0,0.1233,0,0.0532,0.142,0,0,0,0,0,0.0481,0,0,0,0,NA,NA,NA,NA,NA,NA,NA,NA,NA,NA,NA,NA,NA,NA,NA,NA,NA,NA,NA,NA,NA,NA,NA,NA,NA,NA,NA,NA,NA,NA,NA,NA,NA,NA,NA,NA,NA,NA,NA,NA,NA,NA,NA,NA,NA,NA,NA,NA,NA,NA,NA,NA,NA,NA,NA,NA,NA,NA,NA,NA,NA,NA,NA,NA,NA,NA,NA,NA,NA,NA,NA,NA,NA,NA,NA,NA,NA,NA,NA,NA,NA
13.5433,3.3776,0.2595,0.2297,0.0461,0.207,0,0.1844,0.0484,0.5256,4.923,0.5549,0.6499,5.32,1.6691,0.146,3.3859,4.1758,1.0029,0.074,0.2821,0.1342,0.1275,0.1606,0.0201,0.8295,2.3719,0.3457,0.3177,0.0266,0.4222,0.1243,0,0.0126,0,0,0,0.053,0.046,0.0195,0.145,0.2382,0,0,0,NA,NA,NA,NA,NA,NA,NA,NA,NA,NA,NA,NA,NA,NA,NA,NA,NA,NA,NA,NA,NA,NA,NA,NA,NA,NA,NA,NA,NA,NA,NA,NA,NA,NA,NA,NA,NA,NA,NA,NA,NA,NA,NA,NA,NA,NA,NA,NA,NA,NA,NA,NA,NA,NA,NA,NA,NA,NA,NA,NA,NA,NA,NA,NA,NA,NA,NA,NA,NA,NA,NA,NA,NA,NA,NA,NA,NA,NA,NA,NA
13.5628,1.8672,0,0.1503,0.0751,0.2251,0.2724,0.0839,0,0.0022,4.9866,0.5322,0.167,6.626,2.5453,0.3721,3.3272,4.3508,0.8088,0,0.4212,0,0.0842,0.3914,0.1681,0.7981,2.6774,0.6653,0.3141,0.0415,1.0147,0.152,0.124,0.0048,0,0,0.0413,0.1057,0,0,0,0.0413,0,0,0,0,NA,NA,NA,NA,NA,NA,NA,NA,NA,NA,NA,NA,NA,NA,NA,NA,NA,NA,NA,NA,NA,NA,NA,NA,NA,NA,NA,NA,NA,NA,NA,NA,NA,NA,NA,NA,NA,NA,NA,NA,NA,NA,NA,NA,NA,NA,NA,NA,NA,NA,NA,NA,NA,NA,NA,NA,NA,NA,NA,NA,NA,NA,NA,NA,NA,NA,NA,NA,NA,NA,NA,NA,NA,NA,NA,NA,NA,NA,NA
10.0873,2.3458,0,0,0,0.209,0.1264,0.3336,0,0.4104,5.4034,0.987,0.6934,7.1795,2.43,0.2149,3.3526,4.9163,0.8727,0.3594,0.2297,0.2157,0.084,0.2721,0.0928,0.726,2.899,0.5826,0.3055,0.0509,1.4361,0.7515,0.0105,0.1509,0.0304,0.0596,0.0105,0,0,0.0701,0.0408,0.0596,0,0,0,0,0,NA,NA,NA,NA,NA,NA,NA,NA,NA,NA,NA,NA,NA,NA,NA,NA,NA,NA,NA,NA,NA,NA,NA,NA,NA,NA,NA,NA,NA,NA,NA,NA,NA,NA,NA,NA,NA,NA,NA,NA,NA,NA,NA,NA,NA,NA,NA,NA,NA,NA,NA,NA,NA,NA,NA,NA,NA,NA,NA,NA,NA,NA,NA,NA,NA,NA,NA,NA,NA,NA,NA,NA,NA,NA,NA,NA,NA,NA
13.0237,2.8314,0.1504,0.2834,0.0208,0.3406,0.0514,0.3688,0.2459,0.073,4.4782,0.6279,0.3746,6.8455,2.3078,0.1532,3.4466,4.8873,0.7033,0.1041,0.3,0.0872,0.1073,0.6927,0.068,0.844,2.2904,0.4982,0.4702,0.0497,1.349,0.6196,0.104,0,0.0329,0.0217,0.0548,0.0438,0,0.0219,0.0051,0.0219,0,0,0,0,0,0,NA,NA,NA,NA,NA,NA,NA,NA,NA,NA,NA,NA,NA,NA,NA,NA,NA,NA,NA,NA,NA,NA,NA,NA,NA,NA,NA,NA,NA,NA,NA,NA,NA,NA,NA,NA,NA,NA,NA,NA,NA,NA,NA,NA,NA,NA,NA,NA,NA,NA,NA,NA,NA,NA,NA,NA,NA,NA,NA,NA,NA,NA,NA,NA,NA,NA,NA,NA,NA,NA,NA,NA,NA,NA,NA,NA,NA
10.0829,2.2293,0.0701,0.0537,0.0105,0.0042,0.206,0.0327,0,0.1987,4.5843,0.6379,0.5806,6.1017,2.2563,0.1364,3.1873,5.7807,0.9188,0.1487,0.3556,0.2472,0.1148,0.4341,0,1.9183,3.8171,0.7312,0.7068,0.0668,2.7109,0.926,0.014,0.0728,0.0921,0.0859,0.0333,0.113,0.0727,0.0333,0.1662,0.0131,0,0,0,0,0.054,0,0,NA,NA,NA,NA,NA,NA,NA,NA,NA,NA,NA,NA,NA,NA,NA,NA,NA,NA,NA,NA,NA,NA,NA,NA,NA,NA,NA,NA,NA,NA,NA,NA,NA,NA,NA,NA,NA,NA,NA,NA,NA,NA,NA,NA,NA,NA,NA,NA,NA,NA,NA,NA,NA,NA,NA,NA,NA,NA,NA,NA,NA,NA,NA,NA,NA,NA,NA,NA,NA,NA,NA,NA,NA,NA,NA,NA
12.2083,3.14,0.1616,0.1391,0,0.1531,0.2069,0.4199,0,0.0143,5.3573,0.4872,0.8009,6.4255,1.8197,0.1055,3.4538,5.2587,0.9711,0.0602,0.4328,0.2533,0.1162,0.5941,0.0566,1.316,2.3234,0.4717,0.2897,0.0395,2.0024,0.4639,0.0724,0.1053,0.0451,0.1765,0.0657,0.0751,0.0784,0.0473,0.0806,0.0133,0,0.0111,0,0,0.6864,0,0,0,NA,NA,NA,NA,NA,NA,NA,NA,NA,NA,NA,NA,NA,NA,NA,NA,NA,NA,NA,NA,NA,NA,NA,NA,NA,NA,NA,NA,NA,NA,NA,NA,NA,NA,NA,NA,NA,NA,NA,NA,NA,NA,NA,NA,NA,NA,NA,NA,NA,NA,NA,NA,NA,NA,NA,NA,NA,NA,NA,NA,NA,NA,NA,NA,NA,NA,NA,NA,NA,NA,NA,NA,NA,NA,NA
11.1584,2.8322,0.2072,0,0,0,0.0402,0.2908,0.2753,0,5.1201,0.8043,0.9605,5.5783,1.5943,0.2386,3.2361,4.9238,0.9788,0.415,0.1819,0.2005,0.0458,0.2928,0.0143,1.6914,3.381,0.8674,0.4844,0.0752,3.451,0.9479,0.1451,0.1439,0.0366,0.2457,0.1249,0.2694,0.0889,0.1049,0.4442,0.0468,0.0111,0,0,0,0.0511,0,0,0,0,NA,NA,NA,NA,NA,NA,NA,NA,NA,NA,NA,NA,NA,NA,NA,NA,NA,NA,NA,NA,NA,NA,NA,NA,NA,NA,NA,NA,NA,NA,NA,NA,NA,NA,NA,NA,NA,NA,NA,NA,NA,NA,NA,NA,NA,NA,NA,NA,NA,NA,NA,NA,NA,NA,NA,NA,NA,NA,NA,NA,NA,NA,NA,NA,NA,NA,NA,NA,NA,NA,NA,NA,NA,NA
10.2863,2.2625,0,0,0,0.0127,0.0196,0.1441,0.0048,0.1629,4.483,0.7235,0.8467,6.9169,1.7833,0.1332,3.2494,4.5479,0.7421,0.1932,0.413,0.2624,0.0649,0.3803,0.0757,1.6139,3.2977,1.0632,0.5593,0.2414,4.9973,1.3815,0.1418,0.1073,0.0027,0.3002,0.416,0.1635,0.0988,0.2542,0.3967,0.1616,0.0105,0,0,0.021,0.0631,0,0,0,0,0,NA,NA,NA,NA,NA,NA,NA,NA,NA,NA,NA,NA,NA,NA,NA,NA,NA,NA,NA,NA,NA,NA,NA,NA,NA,NA,NA,NA,NA,NA,NA,NA,NA,NA,NA,NA,NA,NA,NA,NA,NA,NA,NA,NA,NA,NA,NA,NA,NA,NA,NA,NA,NA,NA,NA,NA,NA,NA,NA,NA,NA,NA,NA,NA,NA,NA,NA,NA,NA,NA,NA,NA,NA
11.8494,2.8611,0,0.2251,0,0,0,0.1602,0,0.0054,4.611,0.3941,0.5853,6.9483,2.1007,0.0933,3.1378,3.8743,1.3281,0.3594,0.5993,0.1179,0.0793,0.7676,0.3178,2.0395,3.8006,0.6786,0.836,0,2.3594,0.6989,0.2878,0.2761,0,0.4536,0.3211,0.166,0.0744,0.6009,0.8843,0.0454,0,0.0169,0,0,0.0454,0,0,0,0,0,0,NA,NA,NA,NA,NA,NA,NA,NA,NA,NA,NA,NA,NA,NA,NA,NA,NA,NA,NA,NA,NA,NA,NA,NA,NA,NA,NA,NA,NA,NA,NA,NA,NA,NA,NA,NA,NA,NA,NA,NA,NA,NA,NA,NA,NA,NA,NA,NA,NA,NA,NA,NA,NA,NA,NA,NA,NA,NA,NA,NA,NA,NA,NA,NA,NA,NA,NA,NA,NA,NA,NA,NA
11.8355,2.4416,0,0.2116,0.0095,0.2396,0.0741,0.368,0.3715,0,4.6053,0.8571,0.6435,6.5541,2.0761,0.2109,3.6689,5.2015,0.9536,0.1645,0.4407,0.3937,0.1531,0.8816,0.0935,1.8579,3.2197,0.6416,0.5479,0.0449,2.3047,0.7955,0.1883,0.2311,0.0812,0.3909,0.4115,0.3804,0.0974,0.5179,0.6159,0.1081,0,0.0312,0,0.012,0.048,0.012,0.012,0,0,0,0,0,NA,NA,NA,NA,NA,NA,NA,NA,NA,NA,NA,NA,NA,NA,NA,NA,NA,NA,NA,NA,NA,NA,NA,NA,NA,NA,NA,NA,NA,NA,NA,NA,NA,NA,NA,NA,NA,NA,NA,NA,NA,NA,NA,NA,NA,NA,NA,NA,NA,NA,NA,NA,NA,NA,NA,NA,NA,NA,NA,NA,NA,NA,NA,NA,NA,NA,NA,NA,NA,NA,NA
11.0089,2.3451,0,0,0.0177,0.1707,0.0503,0.2701,0,0,4.4521,0.7581,0.6078,6.5385,2.2592,0.0742,2.952,5.0639,1.1942,0.1364,0.4031,0.4628,0.219,0.5444,0.0066,1.6418,3.1438,0.9106,0.6891,0.0022,3.0771,1.4681,0.2877,0.3123,0.1714,0.567,0.598,0.8819,0.1022,1.0506,1.0961,0.2951,0.0086,0.0686,0,0,0.0927,0,0,0,0,0,0,0,0,NA,NA,NA,NA,NA,NA,NA,NA,NA,NA,NA,NA,NA,NA,NA,NA,NA,NA,NA,NA,NA,NA,NA,NA,NA,NA,NA,NA,NA,NA,NA,NA,NA,NA,NA,NA,NA,NA,NA,NA,NA,NA,NA,NA,NA,NA,NA,NA,NA,NA,NA,NA,NA,NA,NA,NA,NA,NA,NA,NA,NA,NA,NA,NA,NA,NA,NA,NA,NA,NA
11.6244,2.2429,0,0.1333,0,0.2138,0,0.1441,0,0,5.1411,0.4819,0.8367,6.5412,2.1639,0.0642,3.2302,5.0304,1.1055,0.1555,0.5203,0.3067,0.0264,0.7157,0.0608,1.827,2.8207,0.89,0.8125,0.0687,2.935,1.2548,0.1592,0.3538,0.1361,0.7671,0.5536,1.0588,0.0976,1.1864,0.848,0.3175,0,0.0841,0.012,0.0359,0.03,0,0.012,0,0,0,0,0,0,0,NA,NA,NA,NA,NA,NA,NA,NA,NA,NA,NA,NA,NA,NA,NA,NA,NA,NA,NA,NA,NA,NA,NA,NA,NA,NA,NA,NA,NA,NA,NA,NA,NA,NA,NA,NA,NA,NA,NA,NA,NA,NA,NA,NA,NA,NA,NA,NA,NA,NA,NA,NA,NA,NA,NA,NA,NA,NA,NA,NA,NA,NA,NA,NA,NA,NA,NA,NA,NA
8.8056,2.7798,0,0.1118,0,0.1336,0,0.3733,0.0414,0,5.454,0.7083,0.5952,7.8676,1.8175,0.1398,2.7178,3.4908,0.7178,0.1253,0.4316,0.2277,0.044,0.1026,0.1066,1.839,5.6078,1.6544,0.7251,0.0766,2.1195,1.5274,0.2572,0.2056,0.0856,0.3305,0.5688,0.6242,0.0792,1.4986,2.7446,0.8993,0.0335,0.0879,0,0.0335,0.1272,0,0,0,0,0.0825,0,0,0,0,0,NA,NA,NA,NA,NA,NA,NA,NA,NA,NA,NA,NA,NA,NA,NA,NA,NA,NA,NA,NA,NA,NA,NA,NA,NA,NA,NA,NA,NA,NA,NA,NA,NA,NA,NA,NA,NA,NA,NA,NA,NA,NA,NA,NA,NA,NA,NA,NA,NA,NA,NA,NA,NA,NA,NA,NA,NA,NA,NA,NA,NA,NA,NA,NA,NA,NA,NA,NA
9.59,2.3007,0,0.1337,0.0344,0.042,0,0.2836,0.2338,0,4.0406,0.6049,0.7506,7.9495,2.2089,0.1096,2.7425,4.7452,0.7114,0.1511,0.47,0.3143,0.221,0.2077,0,1.9292,4.7078,1.0873,0.9415,0.1052,4.0131,1.5899,0.2019,0.2955,0.1298,0.3953,0.3298,1.1232,0,1.1971,2.2996,0.3949,0.0423,0.0771,0,0.0282,0.1757,0,0.0422,0,0.0141,0.0133,0.0141,0.0066,0,0,0,0,NA,NA,NA,NA,NA,NA,NA,NA,NA,NA,NA,NA,NA,NA,NA,NA,NA,NA,NA,NA,NA,NA,NA,NA,NA,NA,NA,NA,NA,NA,NA,NA,NA,NA,NA,NA,NA,NA,NA,NA,NA,NA,NA,NA,NA,NA,NA,NA,NA,NA,NA,NA,NA,NA,NA,NA,NA,NA,NA,NA,NA,NA,NA,NA,NA,NA,NA
9.8807,1.7134,0.1099,0,0,0,0.0607,0.3168,0,0.1924,5.1589,0.6638,0.9381,7.9004,2.122,0.0767,2.3935,3.4833,0.6311,0.0477,0.3821,0.2283,0.1931,0.2786,0.1229,1.7981,4.6913,1.2906,0.8784,0.1159,2.8258,1.5,0.3096,0.3382,0.1516,0.5819,0.6305,1.1454,0.1499,1.7679,3.3699,1.2356,0.0284,0.1062,0.0095,0.0189,0.062,0.0095,0.0663,0,0,0.0052,0.0189,0,0,0,0,0,0,NA,NA,NA,NA,NA,NA,NA,NA,NA,NA,NA,NA,NA,NA,NA,NA,NA,NA,NA,NA,NA,NA,NA,NA,NA,NA,NA,NA,NA,NA,NA,NA,NA,NA,NA,NA,NA,NA,NA,NA,NA,NA,NA,NA,NA,NA,NA,NA,NA,NA,NA,NA,NA,NA,NA,NA,NA,NA,NA,NA,NA,NA,NA,NA,NA,NA
7.8794,1.8877,0,0.0926,0,0.0931,0,0.2579,0.0063,0.2788,4.9261,0.7931,0.7625,7.4684,2.1159,0.1044,2.4665,3.6949,0.7829,0.118,0.5295,0.0318,0.0143,0.6663,0.0424,2.4583,5.695,1.7064,0.8522,0.1024,3.2826,1.9063,0.2717,0.2685,0.1574,0.5275,0.6109,0.9391,0.0465,1.6979,4.0408,1.1059,0.0147,0.0399,0.0147,0.0036,0.1868,0.0073,0.0182,0,0,0,0.0109,0,0.0073,0.0146,0,0,0,0,NA,NA,NA,NA,NA,NA,NA,NA,NA,NA,NA,NA,NA,NA,NA,NA,NA,NA,NA,NA,NA,NA,NA,NA,NA,NA,NA,NA,NA,NA,NA,NA,NA,NA,NA,NA,NA,NA,NA,NA,NA,NA,NA,NA,NA,NA,NA,NA,NA,NA,NA,NA,NA,NA,NA,NA,NA,NA,NA,NA,NA,NA,NA,NA,NA
12.5381,2.6551,0.2337,0.0237,0,0.0191,0,0.293,0.0379,0.4397,5.9137,0.769,0.4131,8.7582,2.2316,0.3074,2.6566,4.5345,1.0553,0,0.3741,0.2657,0.0696,0.2819,0.1638,2.1635,4.459,0.7809,0.8887,0.049,2.7174,1.4271,0.2029,0.0437,0.157,0.2674,0.0459,0.4207,0.1129,1.0716,1.5194,0.2948,0.0476,0.1607,0.0238,0.0476,0.6889,0,0.2399,0.0237,0,0.0399,0.0711,0,0,0,0,0,0,0,0,NA,NA,NA,NA,NA,NA,NA,NA,NA,NA,NA,NA,NA,NA,NA,NA,NA,NA,NA,NA,NA,NA,NA,NA,NA,NA,NA,NA,NA,NA,NA,NA,NA,NA,NA,NA,NA,NA,NA,NA,NA,NA,NA,NA,NA,NA,NA,NA,NA,NA,NA,NA,NA,NA,NA,NA,NA,NA,NA,NA,NA,NA,NA,NA
9.7462,3.0049,0.1964,0.0773,0,0,0.1253,0,0,0.8187,6.166,1.0117,1.059,7.0929,1.372,0.2943,3.098,4.3202,1.1434,0.068,0.2375,0.0237,0.044,0.2463,0.0031,2.2032,4.0843,1.522,1.3497,0.2488,3.6386,1.1674,0.1823,0.1215,0.2968,0.2425,0,1.1494,0.1812,1.4833,2.4466,0.9538,0.1191,0,0,0.0595,0.9505,0.1186,0.095,0,0,0.1778,0,0,0.0592,0,0,0,0,0,0,0,NA,NA,NA,NA,NA,NA,NA,NA,NA,NA,NA,NA,NA,NA,NA,NA,NA,NA,NA,NA,NA,NA,NA,NA,NA,NA,NA,NA,NA,NA,NA,NA,NA,NA,NA,NA,NA,NA,NA,NA,NA,NA,NA,NA,NA,NA,NA,NA,NA,NA,NA,NA,NA,NA,NA,NA,NA,NA,NA,NA,NA,NA,NA
7.8943,1.6875,0.0328,0,0.0094,0.0727,0.068,0.185,0.182,0.2307,4.8912,0.9861,0.7059,8.159,2.07,0.068,3.0964,3.9401,0.6111,0.0595,0.4316,0.3454,0.2654,0.4377,0.1756,2.5517,4.8381,1.6624,1.4799,0.0495,4.3701,1.9798,0.4646,0.2175,0.2365,0.4102,0.441,0.7521,0.1269,1.6066,3.4313,1.3706,0.0794,0.1424,0.034,0.0097,0.9409,0.0339,0.032,0,0,0.0633,0.0408,0.0069,0.0226,0,0,0,0,0,0,0,0,NA,NA,NA,NA,NA,NA,NA,NA,NA,NA,NA,NA,NA,NA,NA,NA,NA,NA,NA,NA,NA,NA,NA,NA,NA,NA,NA,NA,NA,NA,NA,NA,NA,NA,NA,NA,NA,NA,NA,NA,NA,NA,NA,NA,NA,NA,NA,NA,NA,NA,NA,NA,NA,NA,NA,NA,NA,NA,NA,NA,NA,NA
10.5488,2.1214,0,0.0369,0.0098,0.0784,0.1487,0.3037,0.373,0.3492,5.7561,1.0365,0.9411,8.0532,2.3629,0,3.061,4.7552,0.9463,0.0508,0.4334,0.273,0.114,0.6258,0.0772,2.5825,5.0286,1.3458,0.7373,0.0238,3.3727,2.1056,0.2408,0.2593,0.078,0.405,0.5132,0.561,0.0305,1.1133,2.3345,0.5702,0.0244,0.1933,0.0244,0.0244,0.6579,0.0548,0.1144,0.0061,0.0061,0.0271,0.0575,0.0027,0.0122,0.0061,0.0304,0,0,0,0,0,0,0,NA,NA,NA,NA,NA,NA,NA,NA,NA,NA,NA,NA,NA,NA,NA,NA,NA,NA,NA,NA,NA,NA,NA,NA,NA,NA,NA,NA,NA,NA,NA,NA,NA,NA,NA,NA,NA,NA,NA,NA,NA,NA,NA,NA,NA,NA,NA,NA,NA,NA,NA,NA,NA,NA,NA,NA,NA,NA,NA,NA,NA
8.2563,1.8358,0,0.1408,0.006,0,0.0173,0.274,0.234,0,4.9462,0.7192,0.5514,8.3712,2.0604,0.1106,2.6374,4.0384,0.8271,0,0.3602,0.0561,0.0378,0.502,0.1427,2.0612,4.7715,1.6759,1.492,0.0792,4.3259,2.1242,0.5026,0.3234,0.3722,0.6028,0.4914,1.2402,0.1108,2.0236,4.1501,1.9187,0.0454,0.2398,0.0185,0.0988,0.8813,0.0213,0.1387,0.0107,0.0107,0.08,0.032,0,0.0053,0.0053,0,0,0.0053,0,0.016,0,0,0,0,NA,NA,NA,NA,NA,NA,NA,NA,NA,NA,NA,NA,NA,NA,NA,NA,NA,NA,NA,NA,NA,NA,NA,NA,NA,NA,NA,NA,NA,NA,NA,NA,NA,NA,NA,NA,NA,NA,NA,NA,NA,NA,NA,NA,NA,NA,NA,NA,NA,NA,NA,NA,NA,NA,NA,NA,NA,NA,NA,NA
7.668,1.7606,0,0,0,0.0579,0.0391,0.2127,0.0346,0.2967,4.8524,0.7568,0.8163,8.0395,2.2296,0.0603,2.4732,4.4528,0.7649,0.0439,0.3691,0.1017,0.1821,0.3123,0.1074,2.7557,5.25,1.7165,1.4848,0.0396,4.4448,2.1114,0.3363,0.2985,0.3049,0.7422,0.5181,1.267,0.1209,2.4257,3.9079,2.1251,0.0616,0.2172,0.0353,0.0897,0.6974,0.0402,0.2028,0.0351,0.007,0.0571,0.0562,0.007,0,0,0.005,0,0,0,0.007,0,0,0,0,0,NA,NA,NA,NA,NA,NA,NA,NA,NA,NA,NA,NA,NA,NA,NA,NA,NA,NA,NA,NA,NA,NA,NA,NA,NA,NA,NA,NA,NA,NA,NA,NA,NA,NA,NA,NA,NA,NA,NA,NA,NA,NA,NA,NA,NA,NA,NA,NA,NA,NA,NA,NA,NA,NA,NA,NA,NA,NA,NA
8.124,1.9196,0.1604,0.0995,0,0.0036,0.076,0.1267,0.0726,0.1478,4.0358,0.855,0.7982,8.3484,1.9828,0.1202,2.3617,4.3434,0.7154,0.1949,0.3091,0.11,0.0809,0.2883,0,2.9267,5.3436,1.6421,1.4953,0.1219,4.0862,2.229,0.3457,0.3891,0.3335,0.6538,0.4784,1.4017,0.2632,2.353,4.0744,1.8022,0.0804,0.3766,0.0641,0.0921,1.3786,0.0239,0.151,0.0558,0,0.3854,0.0436,0.0395,0.0398,0,0,0.0038,0.0079,0.0079,0.0238,0.0038,0,0.0079,0,0,0,NA,NA,NA,NA,NA,NA,NA,NA,NA,NA,NA,NA,NA,NA,NA,NA,NA,NA,NA,NA,NA,NA,NA,NA,NA,NA,NA,NA,NA,NA,NA,NA,NA,NA,NA,NA,NA,NA,NA,NA,NA,NA,NA,NA,NA,NA,NA,NA,NA,NA,NA,NA,NA,NA,NA,NA,NA,NA
8.6298,1.9044,0,0.1282,0.0141,0,0,0.2825,0.4978,0.0593,5.0414,0.7963,0.823,8.0464,2.0415,0.1336,3.0219,4.1066,0.7207,0,0.4564,0.0839,0.0925,0.4845,0.0301,2.9712,6.2031,1.6616,1.2424,0.1215,4.2299,2.0274,0.2922,0.3543,0.4623,0.5372,0.4501,1.1301,0.1216,2.0009,4.2309,1.7632,0.0438,0.4056,0.0146,0.0437,0.7124,0.0436,0.1363,0,0,0.1888,0.0937,0,0,0.0581,0.0501,0,0,0,0,0,0,0,0.0145,0,0,0,NA,NA,NA,NA,NA,NA,NA,NA,NA,NA,NA,NA,NA,NA,NA,NA,NA,NA,NA,NA,NA,NA,NA,NA,NA,NA,NA,NA,NA,NA,NA,NA,NA,NA,NA,NA,NA,NA,NA,NA,NA,NA,NA,NA,NA,NA,NA,NA,NA,NA,NA,NA,NA,NA,NA,NA,NA
6.8304,1.3196,0,0.0075,0.0044,0.0028,0,0.1745,0,0.0892,4.3053,0.731,0.8729,7.4646,1.8405,0.0882,2.5659,4.3555,0.8049,0.1224,0.3446,0.2167,0.0652,0.2894,0.0507,2.6021,4.9916,1.8028,1.9523,0.19,4.7496,2.0923,0.529,0.344,0.5573,0.7303,0.6965,1.6875,0.1888,3.2733,6.0513,2.6488,0.0643,0.4176,0.0272,0.1467,0.8966,0.0441,0.1954,0.0367,0.0087,0.3268,0.066,0.044,0.0233,0,0.0459,0.0019,0.0073,0,0,0,0,0,0.005,0.0092,0,0,0,NA,NA,NA,NA,NA,NA,NA,NA,NA,NA,NA,NA,NA,NA,NA,NA,NA,NA,NA,NA,NA,NA,NA,NA,NA,NA,NA,NA,NA,NA,NA,NA,NA,NA,NA,NA,NA,NA,NA,NA,NA,NA,NA,NA,NA,NA,NA,NA,NA,NA,NA,NA,NA,NA,NA,NA
6.3968,1.3694,0.0378,0.0413,0,0.02,0.0504,0.1197,0.114,0,4.3311,0.7642,0.6503,7.419,2.0654,0.0882,2.4876,4.2986,0.6906,0.1949,0.2782,0.1893,0.155,0.3526,0.0415,2.5941,5.0052,1.6639,1.7765,0.1048,4.7027,2.1729,0.4345,0.4388,0.4169,1.045,0.8925,1.8781,0.1769,3.3637,5.7114,2.6285,0.0546,0.3757,0.0625,0.0711,0.9103,0.0207,0.2084,0.0022,0,0.263,0.0496,0.0951,0.0518,0.0041,0.087,0.0476,0,0.0022,0,0,0,0.0022,2e-04,0,1.529,0,0,0,NA,NA,NA,NA,NA,NA,NA,NA,NA,NA,NA,NA,NA,NA,NA,NA,NA,NA,NA,NA,NA,NA,NA,NA,NA,NA,NA,NA,NA,NA,NA,NA,NA,NA,NA,NA,NA,NA,NA,NA,NA,NA,NA,NA,NA,NA,NA,NA,NA,NA,NA,NA,NA,NA,NA
8.1121,1.4678,0,0.0451,0.0097,0,0.0082,0.1861,0.205,0.2312,4.7195,0.7657,0.6841,8.5369,1.8279,0.1032,2.9032,4.1738,0.967,0.0203,0.3905,0.175,0.1572,0.5499,0.111,2.4571,5.5762,1.6428,1.9187,0.1135,4.6752,2.0157,0.3936,0.4882,0.3872,1.1265,0.7392,1.7285,0.1654,2.9884,4.8045,2.2284,0.0813,0.2731,0.0339,0.1101,0.8711,0.0169,0.1594,0,0,0.2373,0.0146,0.0589,0.035,0,0.1731,0.077,0.0084,0,0.042,0,0.0084,0,0,0,0,0,0,0,0,NA,NA,NA,NA,NA,NA,NA,NA,NA,NA,NA,NA,NA,NA,NA,NA,NA,NA,NA,NA,NA,NA,NA,NA,NA,NA,NA,NA,NA,NA,NA,NA,NA,NA,NA,NA,NA,NA,NA,NA,NA,NA,NA,NA,NA,NA,NA,NA,NA,NA,NA,NA,NA,NA
7.7081,1.7116,0,0.1561,0,0.0672,0.115,0.1986,0.1979,0,4.9292,0.5505,1.018,8.0132,2.1733,0.0198,2.032,3.5486,0.7742,0,0.3714,0.2204,0.0996,0.4627,0.1623,3.2462,6.5987,1.8036,1.7847,0.0296,4.7092,2.5662,0.3843,0.4406,0.4666,0.8727,0.7077,1.4654,0.1267,2.9755,5.2424,1.9418,0.0406,0.5906,0.1164,0.0314,0.791,0.0535,0.4449,0.0089,0.0356,0.1687,0.0665,0.0177,0,0.0531,0.5358,0.1055,0.0354,0,0.0039,0,0.0088,0,0,0,0,0,0,0,0,0,NA,NA,NA,NA,NA,NA,NA,NA,NA,NA,NA,NA,NA,NA,NA,NA,NA,NA,NA,NA,NA,NA,NA,NA,NA,NA,NA,NA,NA,NA,NA,NA,NA,NA,NA,NA,NA,NA,NA,NA,NA,NA,NA,NA,NA,NA,NA,NA,NA,NA,NA,NA,NA
8.5867,1.7775,0.1069,0.0385,0,0.1239,0.0842,0.3272,0.0095,0.057,5.3587,0.8611,0.7294,8.8652,2.1497,0.0476,2.2453,4.4886,0.9631,0.0972,0.4436,0.1373,0.2386,0.7673,0.0196,1.906,5.0465,1.7435,1.4911,0.1231,4.6215,2.2732,0.5195,0.3916,0.5418,0.8793,0.748,1.4399,0.192,3.016,5.0857,2.6722,0.0564,0.4718,0.0603,0.0716,0.9554,0.03,0.1571,0.0214,0.0172,0.1889,0.0708,0.0385,0.0257,0.0321,0.3082,0.1817,0.0342,0.0128,0.0022,0.0192,0.0043,0,0,0,0.0085,0.0043,0.0128,0,0,0,0,NA,NA,NA,NA,NA,NA,NA,NA,NA,NA,NA,NA,NA,NA,NA,NA,NA,NA,NA,NA,NA,NA,NA,NA,NA,NA,NA,NA,NA,NA,NA,NA,NA,NA,NA,NA,NA,NA,NA,NA,NA,NA,NA,NA,NA,NA,NA,NA,NA,NA,NA,NA
7.2323,1.2696,0.0937,0,0.0455,0,0.045,0.0968,0,0,4.5878,0.8684,0.6162,8.3484,2.1998,0,2.6234,4.7885,0.6358,0,0.2823,0.2093,0.1128,0.7243,0.2215,2.7562,5.3756,2.0233,1.7223,0.0659,4.0938,2.2496,0.5795,0.3255,0.5014,1.0659,1.1179,1.7048,0.0821,3.3292,6.3583,3.1858,0.1288,0.4826,0.0674,0.1665,0.9615,0.0335,0.3489,0.0447,0.0112,0.2835,0.038,0.0334,0.0157,0.009,0.3587,0.2292,0.0889,0.0222,0,0.0444,0.0378,0.0111,0.0111,0,0.0222,0,0.0111,0,0,0,0,0,NA,NA,NA,NA,NA,NA,NA,NA,NA,NA,NA,NA,NA,NA,NA,NA,NA,NA,NA,NA,NA,NA,NA,NA,NA,NA,NA,NA,NA,NA,NA,NA,NA,NA,NA,NA,NA,NA,NA,NA,NA,NA,NA,NA,NA,NA,NA,NA,NA,NA,NA
8.7591,2.0592,0.004,0.1607,0,0.0596,0.0223,0.1724,0.2524,0.0312,4.812,0.8816,0.5126,9.0238,2.6329,0.0377,3.1799,4.5982,0.7314,0.1583,0.5077,0.05,0.1474,0.2366,0.064,2.4608,6.3506,1.9366,1.627,0.0798,3.8731,2.2245,0.4269,0.2797,0.5124,1.1099,0.8516,1.6146,0.1726,2.7223,5.2868,2.2969,0.0508,0.485,0.0418,0.1216,0.7072,0.0354,0.3222,0.0031,0,0.2769,0.0706,0.056,0.0237,0.0295,0.4705,0.1969,0.0734,0,0.0412,0.003,0,0,0.0528,0,0.0088,0.0088,0,0,0,0,0,0,0,NA,NA,NA,NA,NA,NA,NA,NA,NA,NA,NA,NA,NA,NA,NA,NA,NA,NA,NA,NA,NA,NA,NA,NA,NA,NA,NA,NA,NA,NA,NA,NA,NA,NA,NA,NA,NA,NA,NA,NA,NA,NA,NA,NA,NA,NA,NA,NA,NA,NA
7.4954,1.657,0.0385,0.0626,0,0.019,0,0.2388,0,0.1043,5.296,0.8345,0.8481,8.665,2.2168,0.1228,2.9124,4.7564,0.8536,0.0925,0.4192,0.174,0.211,0.5145,0.1356,2.7324,5.3847,1.6822,1.6447,0.0927,4.0678,1.8466,0.4191,0.266,0.4031,0.8261,0.6298,1.6912,0.143,3.7777,5.9288,3.5531,0.0825,0.7176,0.0746,0.1894,1.0701,0.0392,0.412,0.0492,0.0073,0.3021,0.0536,0.0649,0.0362,0.0547,0.4049,0.2389,0.0346,0.0087,0.1811,0.0847,0.0344,0.0043,0.0359,0.0029,0.0029,0,0.0101,0,0,0.0057,0,0.0405,0,0,NA,NA,NA,NA,NA,NA,NA,NA,NA,NA,NA,NA,NA,NA,NA,NA,NA,NA,NA,NA,NA,NA,NA,NA,NA,NA,NA,NA,NA,NA,NA,NA,NA,NA,NA,NA,NA,NA,NA,NA,NA,NA,NA,NA,NA,NA,NA,NA,NA
7.5866,1.123,0,0.1219,5e-04,0.0614,0,0.0522,0.1001,0.0262,4.4564,0.603,0.6881,8.7962,1.9368,0.0615,3.2914,5.3411,0.9462,0.183,0.4934,0.1793,0.0225,0.629,0.2335,2.7037,5.4636,2.0794,2.0923,0.1036,4.3637,1.8355,0.4638,0.3688,0.4772,0.8724,0.8135,1.8385,0.2266,3.5955,5.9177,3.6633,0.03,0.8967,0.0839,0.1907,1.2065,0.0505,0.3715,0.0512,9e-04,0.2145,0.068,0.0185,0.0371,0.0194,0.3798,0.1361,0.0493,0.0193,0.1371,0.0923,0.0246,8e-04,0.0246,0.0123,0.0369,0,0.007,0.0062,0.0062,0,0,0.0156,0,0,0,NA,NA,NA,NA,NA,NA,NA,NA,NA,NA,NA,NA,NA,NA,NA,NA,NA,NA,NA,NA,NA,NA,NA,NA,NA,NA,NA,NA,NA,NA,NA,NA,NA,NA,NA,NA,NA,NA,NA,NA,NA,NA,NA,NA,NA,NA,NA,NA
8.4584,1.5781,0.0418,0.0502,0,0,0.0418,0.1001,0.0497,0,5.6968,0.8244,0.6555,8.5509,2.1526,0,3.5911,4.2618,0.801,0.1755,0.5119,0.0893,0.2197,0.6685,0.1799,3.303,5.0288,2.0253,2.0608,0.1862,4.2248,2.1099,0.5968,0.212,0.5327,0.9025,0.647,1.8527,0.1374,3.5096,6.4374,2.762,0.0397,0.7585,0.134,0.2126,0.8016,0,0.3521,0.0627,0.0077,0.2506,0.0783,0.0313,0,0,0.3985,0.2178,0.0936,0,0.0303,0.0468,0.0935,0,0.0468,0,0.0387,0.0312,0.0462,0,0,0,0,0,0,0,0,0,NA,NA,NA,NA,NA,NA,NA,NA,NA,NA,NA,NA,NA,NA,NA,NA,NA,NA,NA,NA,NA,NA,NA,NA,NA,NA,NA,NA,NA,NA,NA,NA,NA,NA,NA,NA,NA,NA,NA,NA,NA,NA,NA,NA,NA,NA,NA
7.4467,2.1106,0,0.0065,0,0,0.0107,0.0642,0.1088,0.3102,4.4882,0.8207,0.7274,8.3235,2.0715,0.1087,2.9831,4.9336,0.8728,0.1026,0.4583,0.173,0.1926,0.5654,0.1026,3.1537,6.1489,2.5168,2.049,0.1576,3.7294,1.9337,0.5323,0.4629,0.2911,0.7526,0.6267,1.5462,0.1279,4.2296,6.8214,3.3516,0.0841,0.7346,0.091,0.214,1.621,0.0214,0.534,0.0562,0.0187,0.2599,0.0089,0,0.0524,0.0062,0.394,0.2005,0.0523,0,0.0721,0.0585,0.0112,0.0025,0,0.0124,0.0609,0,0,0,0,0,0,0,0,0.0198,0,0,0,NA,NA,NA,NA,NA,NA,NA,NA,NA,NA,NA,NA,NA,NA,NA,NA,NA,NA,NA,NA,NA,NA,NA,NA,NA,NA,NA,NA,NA,NA,NA,NA,NA,NA,NA,NA,NA,NA,NA,NA,NA,NA,NA,NA,NA,NA
7.6427,1.4807,0.0628,0.029,0,0.0614,0.043,0.1612,0.0654,0.3106,4.4873,0.7665,0.7302,7.4657,2.2492,0.0929,3.0323,4.6431,0.9641,0.1829,0.436,0.1808,0.1188,0.4503,0.0885,2.7915,5.4659,2.1274,2.3362,0.1242,5.3104,2.4276,0.6877,0.3537,0.6278,1.2924,1.0645,2.2508,0.1543,4.2106,6.6203,2.5558,0.0763,0.8312,0.1128,0.1612,1.5667,0.0501,0.5049,0.043,0.0177,0.4456,0.0625,0.0255,0.0215,0.0284,0.4351,0.1582,0.0379,0.0055,0.0489,0.0749,0.0198,0,0.011,0.0088,0.0635,0,0.0143,0.0084,0,0.0059,0,0.0139,0,0,0,0,0,0,NA,NA,NA,NA,NA,NA,NA,NA,NA,NA,NA,NA,NA,NA,NA,NA,NA,NA,NA,NA,NA,NA,NA,NA,NA,NA,NA,NA,NA,NA,NA,NA,NA,NA,NA,NA,NA,NA,NA,NA,NA,NA,NA,NA,NA
7.07,1.368,0.0864,0.0642,0.0021,0.0201,0.0353,0.1091,0.1118,0.0248,4.6219,0.6404,0.5643,8.6344,2.0004,0.1008,2.6454,4.4937,0.7335,0.0728,0.3155,0.2228,0.074,0.7972,0.2054,2.8506,5.5698,2.0267,2.0523,0.0553,4.0127,1.8706,0.5476,0.4143,0.5509,1.2561,1.0103,2.2065,0.1322,4.2274,6.7005,5.2108,0.1183,1.141,0.1697,0.3232,1.2633,0.0734,0.6753,0.081,0.0135,0.4316,0.0312,0.0212,0.0359,0.0122,0.6102,0.3573,0.0714,0.0112,0.0751,0.1606,0.0726,0.0133,0.0167,0.0167,0.2887,0,0.1401,0.0244,0.0111,0.0077,0.0021,0,0.0056,0.0153,0,0,0,0,0,NA,NA,NA,NA,NA,NA,NA,NA,NA,NA,NA,NA,NA,NA,NA,NA,NA,NA,NA,NA,NA,NA,NA,NA,NA,NA,NA,NA,NA,NA,NA,NA,NA,NA,NA,NA,NA,NA,NA,NA,NA,NA,NA,NA
7.7465,1.7328,0.0678,0.0278,0,0.0417,0.0499,0.078,0.0396,0.2651,4.2497,0.7224,0.589,7.9688,1.9393,0.1013,2.7164,4.34,0.8409,0.15,0.4118,0.2002,0.1423,0.3692,0.0986,2.6625,4.8926,2.1585,2.3021,0.1227,4.1037,1.5655,0.6459,0.3706,0.4882,1.2419,1.4857,2.3551,0.2536,4.5909,7.1169,5.2365,0.1597,1.2931,0.1835,0.1853,1.3156,0.085,0.6479,0.1119,0,0.2724,0.0719,0.0469,0.0548,0.0312,0.6755,0.4339,0.1163,0.0029,0.1095,0.0635,0.0726,0.0119,0.0518,0.031,0.2621,0,0.1559,0.029,0.0072,0,0.0154,0.02,0,0,0,0,0,0,0,0,NA,NA,NA,NA,NA,NA,NA,NA,NA,NA,NA,NA,NA,NA,NA,NA,NA,NA,NA,NA,NA,NA,NA,NA,NA,NA,NA,NA,NA,NA,NA,NA,NA,NA,NA,NA,NA,NA,NA,NA,NA,NA,NA
6.4398,1.0425,0.1269,0.0311,0,0,0.045,0.0972,0.0832,0.2004,4.1536,0.6661,0.539,6.9974,2.1819,0.1142,2.3863,4.0903,0.7193,0.075,0.4272,0.1923,0.0154,0.6112,0.0892,2.9573,5.4906,2.0548,2.1221,0.1428,3.5628,1.8984,0.7125,0.1699,0.6117,1.5575,2.1515,3.0099,0.1529,5.8683,7.9544,5.7814,0.1078,1.2512,0.2351,0.2104,0.9747,0.1011,0.6939,0.0796,0.0085,0.2885,0.1175,0.0735,0,0.0111,0.7721,0.4028,0.0781,0,0.0974,0.1233,0.0352,0.0235,0.0494,0.0193,0.4875,0.0292,0.0584,0.0133,0.0117,0.0351,0.025,0.0142,0.0025,0.0166,0,0,0.0292,0,0,0,0,NA,NA,NA,NA,NA,NA,NA,NA,NA,NA,NA,NA,NA,NA,NA,NA,NA,NA,NA,NA,NA,NA,NA,NA,NA,NA,NA,NA,NA,NA,NA,NA,NA,NA,NA,NA,NA,NA,NA,NA,NA,NA
6.4563,1.3525,0.0377,0.0151,0,0.0218,0,0.1608,0.0299,0.1033,3.3048,0.6838,0.4537,5.4537,1.5827,0.0442,2.2564,3.8437,0.7165,0.1443,0.3016,0.1114,0.0676,0.5385,0.0731,2.4735,5.3641,1.8798,2.0361,0.1043,4.4672,2.0546,0.7755,0.482,0.6774,2.4964,3.429,3.4185,0.2316,6.7549,8.1985,4.5293,0.1348,1.4233,0.2188,0.2018,1.0872,0.0731,0.8422,0.1064,0.0115,0.3536,0.1232,0.0365,0.0388,0.0265,1.3202,0.6435,0.1205,0.0257,0.1361,0.1261,0.0554,0.0463,0.0717,0.0104,0.2609,0.0116,0.2127,0.0726,0.0264,0.0014,0.0167,0.0122,0.0023,0.0024,4e-04,0,0.0116,0.0012,0.0039,0.0039,0,0,NA,NA,NA,NA,NA,NA,NA,NA,NA,NA,NA,NA,NA,NA,NA,NA,NA,NA,NA,NA,NA,NA,NA,NA,NA,NA,NA,NA,NA,NA,NA,NA,NA,NA,NA,NA,NA,NA,NA,NA,NA
7.2559,1.4284,0,0.0563,0,0.0202,0,0.3189,0.0778,0.1168,3.8545,0.7197,0.5351,5.5677,2.2024,0.0834,2.1497,4.5719,0.8465,0.139,0.2438,0.2572,0.1863,0.6116,0.1365,3.5069,6.1863,2.1972,0.9409,0.0783,3.6197,1.802,0.8425,0.4557,0.8125,1.9658,2.6656,2.7597,0.3629,6.3789,7.7394,4.9091,0.1206,1.5369,0.2213,0.2078,0.9062,0.0674,1.039,0.046,0.0038,0.158,0.1881,0.0629,0.1132,0.0162,0.8755,0.5264,0.1373,0,0.0352,0.1824,0.0328,0.0079,0.0113,0.0622,0.4306,0,0.2516,0,0.0496,0.0372,0,0.0574,0.0124,0,0,0,0,0,0,0,0,0,0,NA,NA,NA,NA,NA,NA,NA,NA,NA,NA,NA,NA,NA,NA,NA,NA,NA,NA,NA,NA,NA,NA,NA,NA,NA,NA,NA,NA,NA,NA,NA,NA,NA,NA,NA,NA,NA,NA,NA,NA
6.9614,1.361,0,0.0443,0,0.0412,0.0536,0.6328,0.1012,0.1621,3.6011,0.4876,0.468,6.1266,1.7976,0.1062,2.7305,4.5778,0.8082,0.0784,0.3391,0.126,0.0683,0.3786,0.0813,2.9529,5.8083,2.2283,2.8353,0.1282,5.1816,2.249,0.8019,0.4501,0.599,1.5577,2.183,2.6203,0.2251,5.9903,6.9636,5.0368,0.1422,1.5231,0.2466,0.2537,1.1558,0.0691,0.9575,0.0919,0.0181,0.2996,0.1264,0.0782,0.0213,0.0334,1.0923,0.5745,0.1434,0.0125,0.1188,0.1624,0.0694,0.0406,0.0503,0.0172,0.2598,0.0145,0.2038,0.0625,0.0364,0.008,0.0123,0.0837,0.0091,0.0452,0.0031,0.0011,0.0135,0.0011,0,0,0.0031,0,0,0,NA,NA,NA,NA,NA,NA,NA,NA,NA,NA,NA,NA,NA,NA,NA,NA,NA,NA,NA,NA,NA,NA,NA,NA,NA,NA,NA,NA,NA,NA,NA,NA,NA,NA,NA,NA,NA,NA,NA
4.5146,1.1783,0.0485,0.0352,0,0,0.0319,0.4983,0.1934,0.335,3.7356,0.6596,0.5176,5.3922,1.3429,0.0826,2.4382,3.8653,0.5656,0.0541,0.3556,0.182,0.2048,0.5995,0,3.8325,6.9141,1.9671,2.4049,0.3208,6.1719,3.1051,1.0493,0.6305,0.6542,2.3087,2.9879,3.4528,0.4224,5.6488,7.5819,4.7998,0.0706,1.4853,0.1579,0.2271,1.1843,0.0739,0.9159,0.1652,0.055,0.2711,0.1962,0.0315,0.068,0,0.883,0.2753,0.0675,0.0182,0.0053,0.1166,0.0544,0,0,0.0725,0.1991,0.0181,0.1885,0.0181,0.0181,0,0,0.0723,0,0.0076,0,0,0,0,0,0,0,0,0,0,0,NA,NA,NA,NA,NA,NA,NA,NA,NA,NA,NA,NA,NA,NA,NA,NA,NA,NA,NA,NA,NA,NA,NA,NA,NA,NA,NA,NA,NA,NA,NA,NA,NA,NA,NA,NA,NA,NA
5.8601,1.1302,0,0,0,0,0,0.169,0.0778,0,2.8873,0.7939,0.6509,5.2428,1.6478,0.0405,2.6032,4.2163,0.8027,0.1076,0.1854,0.224,0.0586,0.0403,0.0195,6.6957,5.1678,2.5264,3.2098,0.0899,6.2375,3.6274,0.9195,0.2857,0.5993,1.342,1.8392,3.0126,0.2591,5.7565,8.5009,4.9168,0.2318,1.934,0.175,0.0196,0.9053,0.1294,0.4023,0.0565,0.0283,0.257,0.0437,0.0564,0,0.0564,1.313,0.4821,0.1675,0.0279,0.0857,0.0299,0.1114,0.0835,0.0149,0,0.0427,0.0278,0.1539,0.0426,0.1111,0,0.0833,0.1388,0,0.0018,0.0277,0.0147,0,0,0,0,0,0,0,0,0,0,NA,NA,NA,NA,NA,NA,NA,NA,NA,NA,NA,NA,NA,NA,NA,NA,NA,NA,NA,NA,NA,NA,NA,NA,NA,NA,NA,NA,NA,NA,NA,NA,NA,NA,NA,NA,NA
5.6254,0.2402,0,0,0,0.1003,0.1003,0.3144,0.1277,0.3093,2.7263,0,0.2443,5.8742,1.9202,0.1872,2.4702,3.7306,0.3759,0.2071,0.2709,0.3607,0.0126,0.4698,0.3748,8.4925,5.3464,2.1236,3.31,0.0793,7.1523,3.8068,1.3565,0.217,0.4426,1.7098,1.8365,2.4232,0,4.2712,9.3238,4.3654,0.134,2.87,0.0534,0.1978,0.9081,0,0.734,0.1307,0,0.1175,0.261,0.0652,0.0652,0.0652,0.9618,0.44,0.0647,0.0647,0,0,0.1294,0,0,0.0646,0.1938,0,0.0508,0,0,0,0,0.0645,0,0.0645,0,0,0,0,0,0,0,0,0,0,0,0,0,NA,NA,NA,NA,NA,NA,NA,NA,NA,NA,NA,NA,NA,NA,NA,NA,NA,NA,NA,NA,NA,NA,NA,NA,NA,NA,NA,NA,NA,NA,NA,NA,NA,NA,NA,NA
6.3684,0.9104,0,0.0697,0,0,0.0349,0.065,0,0.2709,3.752,0.8389,0.5581,6.0918,1.9122,0.065,2.3494,4.0948,0.4205,0,0.3685,0.095,0,0.809,0.2486,5.0448,6.5556,2.1868,3.3904,0.3847,7.534,3.2572,0.7716,0.4186,0.7097,1.1391,1.0554,1.9068,0.1342,5.2865,8.5984,4.634,0.2154,2.42,0.2734,0.1747,0.8194,0.1482,1.6487,0.0735,0,0.1346,0.1952,0,0,0,1.1061,0.7382,0.1444,0,0.0966,0.0965,0.0724,0.0241,0.0241,0,0.0117,0,0.0592,0.0482,0,0.0241,0,0.0241,0,0,0,0,0.0722,0,0,0,0,0.0241,0,0,0,0,0,0,NA,NA,NA,NA,NA,NA,NA,NA,NA,NA,NA,NA,NA,NA,NA,NA,NA,NA,NA,NA,NA,NA,NA,NA,NA,NA,NA,NA,NA,NA,NA,NA,NA,NA,NA
6.12,1.7878,0.146,0.023,0,0.1727,0.021,0.2223,0.2348,0,3.9601,0.7638,0.7284,6.1435,1.5394,0.08,2.3143,3.5725,0.4884,0.2701,0.2923,0.2128,0.0992,0.4663,0,3.8744,6.4632,2.4611,3.4635,0.2552,9.2751,3.4429,0.9995,0.5042,0.4706,0.8546,0.8109,1.3919,0.2396,4.946,7.4483,5.0802,0.2424,2.1663,0.4503,0.1042,0.7969,0.0762,2.4855,0.0418,0,0.2745,0.1827,0,0.0332,0.0332,1.6856,0.7137,0.1804,0.0243,0.1718,0.131,0,0.0079,0,0.0327,0.1636,0.0327,0.1131,0.0732,0.0163,0.0078,0.0072,0.032,0.0078,0.032,0,0,0.0156,0,0.0078,0,0,0,0,0,0.0163,0,0,0,0,NA,NA,NA,NA,NA,NA,NA,NA,NA,NA,NA,NA,NA,NA,NA,NA,NA,NA,NA,NA,NA,NA,NA,NA,NA,NA,NA,NA,NA,NA,NA,NA,NA,NA
8.9456,1.1326,0,0,0,0.0505,0.0437,0.2959,0,0.1532,3.387,0.8758,0.2594,5.9452,1.9561,0.2844,1.6157,3.3817,0.7634,0,0.6887,0.1732,0.412,0.4699,0,3.7483,5.8524,2.1722,2.8648,0.09,7.5811,2.6144,0.9739,0.1311,0.5889,1.1199,1.0978,2.1534,0.1961,3.739,8.3169,5.184,0.3105,2.7993,0.1971,0.2151,1.1228,0.0711,3.2623,0.122,0,0.1738,0.1736,0.1565,0.0698,0.0865,2.6178,0.7373,0.1376,0,0.013,0.0659,0.0158,0.103,0.05,0.1029,0.2057,0.1028,0.2863,0.0342,0.0684,0,0,0.205,0,0.0992,0,0,0.0682,0,0,0,0,0.0341,0,0.0341,0,0,0,0,0,0,NA,NA,NA,NA,NA,NA,NA,NA,NA,NA,NA,NA,NA,NA,NA,NA,NA,NA,NA,NA,NA,NA,NA,NA,NA,NA,NA,NA,NA,NA,NA,NA,NA
7.9095,1.2062,0,0.0967,0.0266,0.1298,0.0532,0.1995,0.0234,0.0831,4.6168,0.5434,0.8714,8.5191,1.9154,0.0397,1.9884,4.6413,0.6426,0.3068,0.0918,0.2216,0.0969,0.8616,0.0362,4.003,6.3764,2.5635,2.3093,0.0904,5.5606,1.9967,0.8686,0.4476,0.408,0.6702,1.2569,1.2064,0.306,4.4329,7.3144,6.0784,0.1375,3.6413,0.5844,0.2357,0.6874,0.103,0.9897,0.1581,0.0093,0.1858,0.2597,0.0927,0,0.1388,3.0982,1.2174,0.263,0.0363,0.1079,0.0427,0.0725,0.0725,0,0,0.1161,0,0.2138,0.0073,0,0.1084,0.0265,0.0253,0,0.0434,0,0.0542,0.1528,0,0.018,0,0,0.0541,0,0.018,0,0.018,0,0,0,0,0,NA,NA,NA,NA,NA,NA,NA,NA,NA,NA,NA,NA,NA,NA,NA,NA,NA,NA,NA,NA,NA,NA,NA,NA,NA,NA,NA,NA,NA,NA,NA,NA
9.602,1.3287,0.2124,0.1775,0,0.1298,0,0.283,0.176,0.2783,3.6903,0.5145,0.4428,7.7879,2.3711,0.0892,2.5042,5.2324,0.8677,0.2716,0.3141,0.2133,0.2626,1.17,0.0915,4.1249,7.2589,2.48,1.7917,0.1242,3.5437,2.4966,0.5701,0.4298,0.037,1.0236,1.8574,1.6034,0.3486,4.5916,8.0399,5.7107,0.1764,2.6955,0.4664,0.207,0.9805,0.0857,0.8558,0.0849,0,0.1866,0.1363,0.085,0.0677,0.1534,2.2497,1.0221,0.3184,0,0.0469,0,0.1159,0,0.0997,0.0502,0.2167,0.0167,0.0936,0.1002,0.0501,0,0.0334,0.1319,0.0167,0.0802,0,0.0666,0,0.0166,0,0,0.0166,0.0333,0,0,0,0,0,0,0,0,0,0,NA,NA,NA,NA,NA,NA,NA,NA,NA,NA,NA,NA,NA,NA,NA,NA,NA,NA,NA,NA,NA,NA,NA,NA,NA,NA,NA,NA,NA,NA,NA
11.9378,2.981,0.077,0.154,0.0769,0.2887,0,0.0391,0.1736,0.3838,4.3053,0.7671,0.7436,8.3763,2.9221,0.216,2.1563,5.0547,0.8134,0.2541,0.1348,0.0202,0.1143,0.5302,0.345,3.3454,7.3822,1.7815,0.6625,0,2.6737,1.7131,0.5781,0.1438,0.2355,0.5968,0.5868,0.7238,0.764,3.6803,8.1222,5.1312,0.1184,1.3638,0.2341,0,0.5204,0.0583,2.2016,0.0579,0.0579,0.2436,0,0.1409,0.0577,0.3136,3.1415,2.867,0.4167,0.1686,0,0.3031,0.5823,0,0.3577,0,0.6357,0,0.2219,0.1332,0.1111,0.1665,0,0.0322,0,0.1326,0.0554,0.0553,0.0989,0,0,0,0.0553,0.0553,0,0,0.0553,0,0,0,0,0,0,0,0,NA,NA,NA,NA,NA,NA,NA,NA,NA,NA,NA,NA,NA,NA,NA,NA,NA,NA,NA,NA,NA,NA,NA,NA,NA,NA,NA,NA,NA,NA
9.7834,1.7096,0.0875,0.0425,0.0172,0.0563,0.0356,0.102,0.0199,0.2616,3.7416,0.5318,0.6877,8.1734,2.014,0.1232,2.927,4.8931,0.8057,0.0521,0.3226,0.1622,0.0028,1.1854,0.2013,4.8183,8.5225,1.8893,1.1823,0.0424,2.397,1.1391,0.2645,0.245,0.367,1.1452,1.3317,1.7574,0.1797,4.5675,7.6646,6.65,0.1688,3.4093,0.4753,0.3319,1.0187,0.1497,1.1266,0.1054,0.0297,0.4167,0.1408,0.1262,0.0891,0.0521,3.3526,1.5527,0.3614,0.1056,0.0121,0.1116,0.1556,0.057,0.2213,0.0286,0.1524,0.0333,0.527,0.0456,0.055,0.0452,0.0018,0.0829,0,0.0479,0,0.0055,0.1639,0.0109,0.0395,0.0054,0.0054,0.0272,0,0.0436,0,0,0.0054,0,0,0,0,0,0,0,NA,NA,NA,NA,NA,NA,NA,NA,NA,NA,NA,NA,NA,NA,NA,NA,NA,NA,NA,NA,NA,NA,NA,NA,NA,NA,NA,NA,NA
10.2666,1.7506,0,0.0196,0.0243,0.0682,0.0439,0.0876,0.2607,0.5542,3.4309,0.6838,0.5728,7.207,2.1593,0.2923,2.69,5.183,0.9754,0.1175,0.3417,0.1436,0.1424,1.3882,0.0614,4.4217,9.0338,1.7323,1.1445,0.0999,2.2291,1.1068,0.3792,0.2988,0.268,1.0135,1.0643,1.4608,0.1405,4.4454,7.9907,6.4047,0.2928,4.1243,0.6356,0.2141,1.0215,0.0925,1.078,0.1238,0.0184,0.3892,0.2072,0.1367,0.1432,0.1364,3.4179,1.611,0.3595,0.0474,0.148,0.0916,0.1228,0.0552,0.1942,0.0634,0.3027,0.0211,0.5307,0.0797,0.0417,0.0589,0,0.0769,0.0083,0,0,0.0166,0.15,0,0.0126,0,0.0083,0.0169,0,0.0416,0,0.0166,0,0,0,0,0.0211,0.0249,0.1477,0,0,NA,NA,NA,NA,NA,NA,NA,NA,NA,NA,NA,NA,NA,NA,NA,NA,NA,NA,NA,NA,NA,NA,NA,NA,NA,NA,NA,NA
7.399,1.6764,0,0.0234,0,0,0,0.039,0.2108,0,3.9233,1.0108,0.6677,7.5812,2.3388,0.2747,3.3035,4.745,0.9561,0.068,0.4711,0.1606,0.1811,1.5854,0.1053,4.5228,8.089,1.1896,0.6895,0.0057,1.671,1.0753,0.3074,0.3902,0.0784,0.8184,0.9982,1.6661,0.1115,4.4473,8.4141,7.2574,0.3944,5.9466,0.9141,0.1435,0.7454,0.1125,1.9499,0.0567,0.0696,0.2392,0.107,0.1139,0,0.1296,4.5283,1.6318,0.6923,0.0063,0.1875,0,0.1551,0.153,0.1669,0.0498,0.248,0.0364,0.9727,0,0.017,0,0,0.3304,0,0.0164,0.0622,0.0151,0.1242,0.0151,0.0301,0,0,0,0,0.0018,0,0.1657,0.0151,0,0,0,0,0.0018,0.0018,0,0,0,NA,NA,NA,NA,NA,NA,NA,NA,NA,NA,NA,NA,NA,NA,NA,NA,NA,NA,NA,NA,NA,NA,NA,NA,NA,NA,NA
9.9378,2.1465,0,0.0452,0.0256,0.0134,0,0,0.4175,0,2.7462,0.5455,0.5548,7.6367,2.208,0.0815,3.4115,4.8356,0.8474,0.2065,0.2293,0.1437,0.0516,1.3874,0.1331,3.9233,9.4795,1.0659,0.8446,0.0877,1.8536,0.8529,0.2843,0.2856,0.3843,0.9494,1.0566,1.4121,0.156,4.4488,8.4245,7.9038,0.3177,4.6323,0.716,0.3345,1.1675,0.0889,1.0321,0.2181,0.0415,0.4315,0.0955,0.1757,0.0655,0.1815,4.9065,1.7181,0.7247,0,0.0183,0.2234,0.2926,0.0776,0.003,0.0725,0.2272,0.0555,0.3548,0.1274,0.1175,0.0265,0.1055,0.0173,0,0,0,0,0.1292,0,0.0597,0,0,0,0,0.0167,0.0167,0.1001,0,0,0,0,0,0.0167,0,0.0767,0,0,0,NA,NA,NA,NA,NA,NA,NA,NA,NA,NA,NA,NA,NA,NA,NA,NA,NA,NA,NA,NA,NA,NA,NA,NA,NA,NA
9.4846,0.9183,0,0.0063,0,0,0.1385,0.0308,0.0048,0.0376,4.4916,0.9978,1.0057,7.3222,1.8131,0.0818,2.653,4.7364,1.0156,0.2173,0.5596,0.0585,0.2423,1.2469,0.0996,4.4736,8.3537,1.2754,1.2248,0.0528,2.6532,1.253,0.4287,0.1679,0.6107,0.841,1.1483,1.7077,0.0683,5.3273,8.3554,7.4213,0.2512,3.2068,0.7494,0.6526,1.2644,0.0666,1.1704,0.235,0.0126,0.5225,0.2994,0.0901,0.2985,0.1347,4.618,1.5674,0.5558,0.0611,0,0.0996,0.2109,0.0842,0.2576,0.1277,0.278,0.0333,0.4744,0.1383,0.1402,0.1614,0.0944,0.0654,0.0412,0.008,0.1109,0,0.1072,0.0232,0.0326,0,0,0.0178,0.0348,0.0348,0.0379,0.0348,0.0463,0,0,0,0,0.0232,0,0,0,0,0,0,NA,NA,NA,NA,NA,NA,NA,NA,NA,NA,NA,NA,NA,NA,NA,NA,NA,NA,NA,NA,NA,NA,NA,NA,NA
8.5213,1.8149,0,0.0525,0,0,0.0421,0.0738,0,0.4392,3.5148,0.7268,1.1944,7.2369,2.2084,0.1955,1.6819,5.0465,0.9977,0.1644,0.6116,0.3613,0.2345,0.3041,0.2651,4.6931,8.2198,0.7356,0.8024,0.0103,2.7809,1.1928,0.2815,0.5273,0.5254,0.8836,0.7406,1.057,0.2033,4.8018,7.4783,6.7644,0.3252,3.039,0.5647,0.3891,0.966,0.0333,4.2681,0.1465,0,0.5249,0.4527,0.0241,0.4087,0.0663,5.3212,2.7238,0.854,0.1875,0.357,0,0.1417,0.0248,0.429,0.1857,0.5662,0.0017,0.8544,0.0367,0.1149,0.0461,0.0236,0.2877,0,0,0,0.1024,0.2969,0.0681,0.1137,0,0,0,0,0.2156,0.102,0.3057,0,0,0.0339,0,0,0,0,0,0.0114,0,0,0,0,NA,NA,NA,NA,NA,NA,NA,NA,NA,NA,NA,NA,NA,NA,NA,NA,NA,NA,NA,NA,NA,NA,NA,NA
9.1171,2.0235,0.0418,0,0,0.0285,0.0131,0.0719,0.0853,0,3.6999,0.6431,0.8308,6.9723,2.0475,0.1208,2.9928,4.3932,0.9936,0.1102,0.3841,0.1176,0.2956,1.4739,0.118,4.724,9.6335,1.1329,0.6736,0,1.7758,1.2037,0.3378,0.1543,0.5407,0.8131,0.8571,1.3475,0.1772,4.5003,8.1249,7.583,0.2202,4.681,0.7755,0.5485,1.0635,0.129,2.8138,0.2269,0.0444,0.395,0.2661,0.084,0.0514,0.1658,4.8478,2.44,0.7784,0.04,0.1049,0.2167,0.1186,0.0358,0.3726,0.1024,0.1576,0.0314,0.5703,0.1094,0.0253,0.0585,0,0.4496,0,0,0.0095,0.0155,0.2753,0,0.0988,0,0,0.0036,0.0097,0.1529,0.0445,0.242,0.0097,0,0,0,0,0.0154,0.0057,0,0.0387,0,0,0,0,0,NA,NA,NA,NA,NA,NA,NA,NA,NA,NA,NA,NA,NA,NA,NA,NA,NA,NA,NA,NA,NA,NA,NA
7.1527,1.6588,0,0.0122,0,0,0.1254,0.1612,0.021,0.5193,3.1522,0.6511,0.7935,6.5709,2.1308,0.1501,3.9739,5.9089,0.8758,0.0313,0.3658,0.1714,0.1044,0.8666,0.162,4.0007,7.4467,1.0974,1.2838,0.1241,3.0709,1.3484,0.5187,0.2912,0.553,1.1178,1.7725,2.2923,0.2572,5.2519,7.5762,7.0498,0.3409,4.4305,0.9046,0.2036,1.3756,0.1193,1.4386,0.4421,0.1353,0.5232,0.2686,0.2352,0.1644,0.0975,5.2323,2.3756,0.716,0,0.1692,0.4788,0.0889,0.1578,0.2946,0.2379,0.477,0.1127,0.5261,0.1396,0.1098,0.0251,0.0867,0.3574,0,0,0,0.0454,0.1424,0.0159,0,0,0,0.0317,0.0317,0.1879,0.0475,0.4408,0,0.0158,0,0,0.0377,0.0316,0.0158,0,0.0316,0.0316,0.0158,0,0,0,0,NA,NA,NA,NA,NA,NA,NA,NA,NA,NA,NA,NA,NA,NA,NA,NA,NA,NA,NA,NA,NA,NA
10.3673,1.7207,0.1687,0.2438,0.0348,0.0263,0.1044,0.31,0.4366,0.2761,3.8008,0.5234,0.5717,5.8717,2.5586,0.1551,4.139,5.2897,1.1002,0.0203,0.5612,0.3658,0.2026,1.2192,0.1011,4.1215,8.2449,0.9158,0.5681,0.0587,2.1172,0.7846,0.4253,0.3795,0.4434,0.6809,0.3595,1.062,0.3701,4.5144,9.171,7.6463,0.2596,4.9571,0.8421,0.1271,1.059,0.2766,1.165,0.1998,0.0499,0.5925,0.0936,0.1535,0.1472,0.2028,4.8747,2.2844,0.8578,0,0,0.3039,0.3013,0.133,0.1259,0.0998,0.3407,0.0956,0.9496,0.0381,0.1791,0.2739,0.0505,0.2569,0,0,0.0473,0.0236,0.332,0.0236,0.0833,0,0.0125,0,0,0.3188,0.0942,0.3765,0.1064,0,0.0235,0.0705,0,0.0939,0,0,0.0469,0,0.0235,0,0,0,0,0,NA,NA,NA,NA,NA,NA,NA,NA,NA,NA,NA,NA,NA,NA,NA,NA,NA,NA,NA,NA,NA
8.3281,1.7418,0.1346,0.1784,7e-04,0,0,0.2242,0.1391,0.3599,4.2286,0.6971,0.5203,8.3286,2.5115,0.0385,4.1875,7.6872,0.8792,0.0664,0.7533,0.3905,0.1482,1.0394,0.1934,4.749,5.64,0.8532,0.7817,0.0545,1.3271,0.9254,0.1738,0.4316,0.3868,0.8445,0.7801,1.2695,0.1039,5.2039,8.6058,7.3482,0.1419,5.038,0.956,0.377,0.7744,0.1111,1.4648,0.3245,0,0.4789,0.2365,0.2453,0.1316,0.2448,4.7817,2.6225,0.7921,0.0725,0,0,0.1643,0.0821,0.318,0.1843,0.1336,0.0206,0.5821,0,0.0912,0,0.0812,0.6074,0.0605,0.3732,0.0503,0,0.2213,0,0.1809,0,0,0,0.0301,0.572,0.2003,0.3202,0.12,0,0,0.03,0.2582,0.2096,0,0,0.0598,0,0,0,0,0,0,0,0,NA,NA,NA,NA,NA,NA,NA,NA,NA,NA,NA,NA,NA,NA,NA,NA,NA,NA,NA,NA
9.5352,1.0042,0.1632,0.2645,0.0634,0.2977,0.0654,0.2905,0.281,0.2466,4.9856,0.934,0.5166,7.8827,2.4871,0.1731,5.9596,8.0288,1.174,0.2462,0.6789,0.1855,0,0.2503,0.2195,3.1351,4.2752,0.6932,0.4211,0.057,1.7667,1.0309,0.4488,0.1427,0.5815,0.5684,0.1227,1.369,0,4.59,8.4369,8.1369,0.1003,4.7697,0.8468,0.0309,1.239,0.2604,1.6673,0.1851,0.0878,0.2747,0.0656,0,0.1138,0.2231,5.1586,2.179,0.9683,0.0639,0.2516,0.0941,0.4658,0.1529,0,0.1295,0.1262,0.0928,1.4337,0.0882,0.1383,0.039,0.1209,0.6546,0.0688,0.174,0,0.0687,0.2824,0.0229,0.0483,0,0.0457,0.0356,0,0.5931,0.1823,0.5155,0.1034,0.0681,0.0681,0.0227,0.6496,0.1935,0.0453,0.0802,0,0,0,0,0,0,0,0,0,0,NA,NA,NA,NA,NA,NA,NA,NA,NA,NA,NA,NA,NA,NA,NA,NA,NA,NA,NA
10.1626,1.4162,0.1708,0.271,0,0.2243,0.0077,0.6554,0.0661,0.281,5.1265,0.534,1.5249,9.5355,2.5062,0.0986,5.1646,6.9651,1.4168,0.1785,0.6139,0.0722,0.228,0.4791,0.0899,3.2626,2.5544,0.5363,0.5765,0.1308,1.5955,0.6114,0.207,0.2743,0.3567,0.7199,0.6102,0.6587,0.2597,5.6523,9.1979,8.0686,0.2103,4.6269,1.1456,0.3157,1.0108,0.1045,1.9364,0.3671,0,0.4316,0,0.0071,0,0.2151,4.8423,2.6488,1.234,0,0,0.1964,0.2411,0.1215,0.6133,0.0718,0.5882,0.0372,0.141,0.0967,0.1423,0.2374,0.0481,0.5339,0.0123,0,0.0591,0,0.3181,0,0.1409,0.0352,0,0,0,0.4572,0.0235,0.3511,0.1052,0,0.0701,0.0234,0.5834,0.2097,0.0349,0.2793,0,0.0349,0,0.0349,0,0,0,0,0,0,0,NA,NA,NA,NA,NA,NA,NA,NA,NA,NA,NA,NA,NA,NA,NA,NA,NA,NA
8.2263,2.2259,0.1007,0.2973,5e-04,0.1497,0.1975,0.838,0,0,4.8107,1.1015,0.4727,7.7106,2.0289,0.2669,6.4619,8.8773,1.6749,0.0714,0.5123,0.2481,0.2477,0.0142,0.0806,2.5123,2.989,0.8102,0.942,0.1534,1.2457,0.5692,0.2449,0.4697,0.3677,0.4432,0.3462,0.7438,0.0998,3.633,9.3478,8.058,0.502,5.9726,1.1287,0.4535,1.2814,0.2456,2.14,0.2326,0.0347,0.6614,0.3137,0.0713,0.0712,0.1509,6.2643,2.3367,1.1522,0,0.1676,0.1603,0.3487,0.0421,0.1682,0,0.2572,0.0537,0.5231,0.148,0.2609,0.1955,0.1508,0.8493,0.0406,0,0.0083,0.0324,0.4044,0,0.1615,0.0323,0,0.117,0,0.6324,0.1287,0.4057,0.0642,0.0642,0.0321,0.0321,0.5109,0.192,0,0.1918,0,0,0,0,0,0,0,0.0196,0,0,0,0,NA,NA,NA,NA,NA,NA,NA,NA,NA,NA,NA,NA,NA,NA,NA,NA,NA
8.6025,1.2296,0.3961,0.4997,0,0.2948,0,0.6971,0,0,5.5558,1.1638,0.3798,6.9027,1.6689,0,6.3411,8.2659,1.239,0.0584,0.5289,0.0579,0.0729,0.6567,0.1752,2.0608,3.3234,0.4607,1.222,0.1519,2.5496,1.0863,0.249,0.1291,0.3401,0.6947,0,1.5267,0.0059,3.4095,12.2988,9.0891,0.5137,5.7228,0.8258,0.796,1.4531,0.2108,2.5592,0.2914,0.0694,0.3185,0.0545,0,0.2484,0.5237,4.6368,1.2582,1.2063,0.1337,0.3486,0,0.1698,0.0736,0.5306,0,0.0433,0.0364,1.1755,0.1014,0.1313,0.3334,0.071,0.3075,0,0.3713,0.065,0.065,0.4942,0,0.0648,0,0,0.1133,0.1292,0.8084,0.0644,0,0,0,0.0644,0,0.1325,0.0643,0,0.034,0,0,0,0,0,0,0,0,0,0,0,0,0,NA,NA,NA,NA,NA,NA,NA,NA,NA,NA,NA,NA,NA,NA,NA,NA
10.6901,1.5708,0.3295,0.3873,0,0.2186,0.1091,0.7014,0,0.4337,4.9362,0.9409,0.4737,7.9097,1.9121,0,6.2935,8.4532,1.249,0.3976,0.4625,0.4618,0.2642,0.2503,0.0078,1.702,2.7954,0.6321,0.8819,0,1.5975,0.9857,0.3738,0.3744,0.309,0.3271,0.6435,1.3388,0.523,4.6404,9.3549,8.7884,0.0908,6.2471,0.6935,0,0.8805,0.0831,1.6579,0.2061,0.0206,0.1852,0,0,0,0.1433,5.202,3.7854,1.1609,0.0132,0,0.0703,0.5472,0.0953,0,0,0.181,0,1.6893,0.3032,0.3246,0.055,0.0111,0.8595,0.0325,0,0.1087,0.1144,0.4993,0,0.092,0,0,0.03,0.0379,0.8861,0,0.0157,0.0378,0.0378,0,0.0377,0,0.1884,0.0753,0.2635,0.1129,0,0,0,0,0.0752,0.1282,0,0,0,0,0,0,0,NA,NA,NA,NA,NA,NA,NA,NA,NA,NA,NA,NA,NA,NA,NA
9.7503,1.6107,0.1914,0.12,0.0502,0.0947,0.2229,0.2683,0,0.1896,4.5694,0.6331,0.7762,8.7288,2.1024,0,4.6892,8.1098,1.1912,0.1803,0.4983,0,0.0909,0.1683,0.0124,2.0393,2.5733,0.3271,0.7122,0.0897,1.8108,1.1167,0.3272,0.4224,0.2128,0.514,0.4366,1.3892,0.0704,5.1278,10.1842,8.39,0.2486,5.865,1.0745,0.4923,1.5161,0.2053,1.9007,0.2379,0,0.7194,0.3213,0.239,0.0472,0.1165,6.2112,2.9223,1.2427,0.0582,0,0.0584,0.2992,0.2059,0.7126,0.2013,0.2697,0.1359,1.4793,0.2202,0.2727,0.2559,0.0048,0.5935,0,0,0.0197,0.0336,0.3558,0.0324,0.2277,0.0324,0.0733,0.2322,0.0418,0.9453,0.0338,0.3135,0.0245,0.0565,0.016,0,0.5462,0.5277,0,0.2246,0.1117,0,0,0,0.0319,0,0,0,0,0,0,0,0,0,0,NA,NA,NA,NA,NA,NA,NA,NA,NA,NA,NA,NA,NA,NA
9.3057,2.0638,0.1157,0.2468,0,0.2011,0.1048,0.1235,0,0.1054,3.9922,0.7684,0.6605,7.5619,2.1592,0.065,4.0668,6.5329,0.9665,0.0977,0.2927,0.163,0.012,0.919,0.0276,2.7931,3.3603,0.654,0.8605,0.0591,2.2191,1.0699,0.4614,0.3419,0.3814,0.9788,0.6819,1.8,0,5.3602,9.3457,7.8254,0.1837,5.1964,1.0418,0.2922,1.423,0.0341,2.1869,0.1209,0,0.7278,0.2601,0.2528,0.0816,0.145,6.2005,2.7168,1.2058,0.0186,0.1958,0.4753,0.3355,0,0.5107,0.2688,0.4243,0.1381,1.2408,0.135,0.3569,0.143,0.1149,0.4293,0.0868,0,0.1424,0.0977,0.0896,0.018,0.2221,0.1341,0,2.0753,0.0742,1.4016,0.3399,0.1999,0.0698,0.0523,0,0,0.5675,0.4572,0.1734,0.7499,0.3013,0.0173,0,0.0345,0,0.0518,0.0173,0,0,0,0,0.0248,0,0,0,0,NA,NA,NA,NA,NA,NA,NA,NA,NA,NA,NA,NA,NA
10.3805,2.3904,0.324,0.0377,0,0.2519,0.1099,0.5015,0.0408,0.0797,3.9233,0.3529,0.7679,6.9553,1.7846,0.0992,3.8483,6.5209,0.9674,0.0602,0.1224,0.0859,0.2141,0.4647,0.0573,2.1901,2.6194,0.4903,0.7543,0,2.42,0.6498,0.2101,0.2758,0.235,0.9732,0.7159,1.28,0.3151,4.9616,9.5113,8.4613,0.3674,6.241,1.2186,0.1133,1.0614,0.1751,2.1579,0.3201,0.019,0.4073,0.1709,0.2457,0.1245,0.2326,8.1539,3.0278,1.4477,0.0414,0,0.1265,0.5939,0.1926,0.807,0.1918,0.5405,0.0793,1.6448,0.7272,0.6328,0.1079,0.2236,0.0086,0,0.3253,0.1215,0.1226,0.416,0.084,0.203,0,0,0.5624,0,1.6479,0.2862,0.2632,0.1583,0.0369,0.0226,0.0904,0.0288,0.3295,0.0592,0.5311,0.4264,0.0589,0.0448,0,0,0.112,0.1568,0,0,0,0,0,0.0672,0.039,0,0,0,NA,NA,NA,NA,NA,NA,NA,NA,NA,NA,NA,NA
8.4884,2.2741,0,0.4524,0.0474,0.2615,0.2148,0.4269,0.3566,0,4.8297,0.8979,0.7549,6.1322,1.4483,0.0428,4.4935,4.9854,0.7058,0.0576,0.2978,0.0968,0.0933,0.2739,0,2.9519,3.0984,0.6549,0.3847,0.0485,2.4542,0.7623,0.3133,0.2547,0.4657,0.2765,0.6782,1.2846,0.0701,5.5569,10.1235,8.2178,0.395,6.1918,1.4033,0.1919,1.3266,0.0959,2.5747,0.2833,0.1344,0.3941,0.1905,0.1379,0.3204,0.3557,6.8763,3.0583,1.5848,0.0288,0.1739,0.0271,0.6547,0.275,0.8943,0.2841,0.6222,0.1793,1.9685,0.2147,0.5423,0.2207,0,0.4671,0.0334,0,0.1481,0.0374,0.1914,0.0093,0.4914,0.0427,0.0439,2.0838,0.2064,2.012,0.2006,0.3053,0.0404,0.0609,0.0027,0.0377,0.0364,0.3265,0.0894,0.4385,0.5648,0.0144,0.1008,0.0804,0.0228,0.0228,0.0288,0,0,0,0,0.0228,0.0084,0,0,0,0,0,NA,NA,NA,NA,NA,NA,NA,NA,NA,NA,NA
10.7424,2.2587,0,0.2842,0.0732,0.3567,0.2861,0.5074,0.1967,0.0228,4.3152,0.5741,1.0093,5.4894,1.397,0.1039,3.3889,4.4885,0.7333,0.2237,0.3683,0,0.0782,0.2843,0.0722,2.1905,2.2759,0.4195,0.5886,0.1559,1.8774,0.8665,0.4712,0.1081,0.3298,0.1253,0.2814,1.161,0.2159,5.3703,9.3659,9.7687,0.7197,8.7375,1.025,0.4665,1.2671,0.1423,2.229,0.5388,0.0167,0.6636,0,0.1687,0.2277,0.2206,7.8056,3.6013,1.7004,0,0,0.5264,0.4224,0.3126,0.3967,0.5478,0.3326,0.1207,2.5352,0.4948,0.4259,0.3543,0.2103,0.9865,0.0737,0,0.1104,0.0735,0.3841,0,0.2908,0.0015,0,0.1879,0,2.0875,0.319,0.3893,0.1064,0.0942,0,0.0592,0.0293,0.4224,0.1407,0.2234,0.55,0.0935,0.0234,0.0234,0,0.0234,0,0,0,0,0,0.0238,0.1638,0.0825,0,0,0,0,0,NA,NA,NA,NA,NA,NA,NA,NA,NA,NA
9.2705,1.7057,0.1364,0.3453,7e-04,0.4471,0.1049,0.5605,0.2465,0.2734,2.2986,0.7271,0.9113,3.3942,0.8439,0.0485,1.6614,3.0313,0.3695,0.0924,0.0702,0.1769,0,0.2101,0.2122,2.5979,2.2709,0.4721,0.5065,0.0543,1.925,1.1313,0.4969,0.3435,0.3443,0.7368,0.392,1.2916,0.2255,4.7083,8.9514,8.6379,0.5768,13.6362,1.1078,0.4362,1.1894,0.2094,3.5692,0.1784,0.0338,0.4755,0.3513,0.1116,0.1206,0.2185,6.8962,3.1151,1.3551,0.1015,0.2606,0.1626,0.5335,0.2269,1.6854,0.2403,0.4751,0.288,6.859,0.4345,0.3574,0.2597,0.1481,2.7036,0.0733,0.1395,0.2039,0.0734,0.298,0.0408,0.3899,0.1058,0.0831,0.4393,0.0754,1.7979,0.2456,0.3411,0.1096,0.0096,0.0103,0,0.2973,0.2833,0.0735,0.2624,0.4776,0.0559,0.0319,0.026,0,0.0558,0.0319,0.0478,0,0,0,0.0797,0.0536,0.182,0.0121,0.0289,0.0221,0,0,0,NA,NA,NA,NA,NA,NA,NA,NA,NA
11.5976,1.7606,0.2106,0.2335,0.0031,0.1275,0,0.243,0.0315,0,2.1318,0.1614,0.3068,3.7246,0.714,0.038,1.4107,2.1409,0.3926,0,0.1814,0.0722,0.0512,0.0147,0.1438,2.6782,2.3608,0.5814,0.614,0.0968,1.6519,1.0069,0.3364,0.2011,0.2886,0.6098,0.5241,2.0638,0,5.2037,10.6758,10.5477,0.4714,11.4575,1.3686,0.22,1.4221,0.1927,3.1591,0.2364,0.0635,0.5744,0.1654,0.1413,0.1573,0.2014,9.3455,4.0729,1.7308,0.071,0,0.2211,0.5973,0.2808,1.093,0.1529,0.5605,0.3174,3.6979,0.6764,0.4137,0.2704,0.1656,1.9478,0.0568,0,0.1314,0.1682,0.3385,0.0685,0.4233,0.0344,0,0.2124,0.0096,2.6992,0.4215,0.4847,0.1323,0.166,0.0242,0.0334,0,0.4266,0.0933,0.3571,0.81,0.0494,0.0309,0.0206,0.0103,0.0206,0.0136,0.0202,0,0.0173,0,0.0148,0,0.02,0.0711,0.0193,0.0218,0,0,0,0,NA,NA,NA,NA,NA,NA,NA,NA
11.17,1.7175,0.2204,0.0121,0,0.0149,0.0138,0.0967,0.0674,0.1084,1.0793,0.173,0.3199,2.0704,0.4996,0,0.7887,1.3103,0.2349,0.104,0.0808,0.1045,0.0762,0,0.0707,3.3377,1.8406,0.457,0.3947,0.0543,1.297,0.7903,0.3468,0.3188,0.286,0.5693,0.3515,1.1724,0.231,4.762,10.5816,9.9758,0.774,14.4201,1.6091,0.2947,1.2513,0.2372,3.4483,0.2114,0.0376,0.5642,0.1929,0.1528,0.105,0.2002,8.5676,3.7275,1.5778,0.0758,0.0089,0.1703,0.4866,0.3523,2.0532,0.1829,0.5704,0.3856,8.1446,0.5714,0.5018,0.333,0.2622,3.5728,0.1034,0,0.1098,0.0855,0.3376,0.041,0.2634,0.0476,0.063,0.0709,0.035,1.5561,0.1783,0.5144,0.3713,0.118,0,0.0151,0,0.4386,0.1335,0.3687,1.2816,0.0385,0.0511,0.0268,0.0174,0.0542,0.0452,0.0251,0,0,0.0452,0.1527,0.086,0.107,0.0051,0.0147,0.0435,0.0108,0,0,0,0,NA,NA,NA,NA,NA,NA,NA
11.7952,2.1225,0.0873,0,0,0.5354,0.1324,0.1375,0.2847,0.543,1.9531,0.5459,0.0537,2.4404,0.5854,0,1.08,1.2427,0.5144,0.2552,0,0.0102,0.2013,0.2243,0.1938,2.4365,2.4152,0.4443,0.9515,0.064,1.8187,1.2013,0.429,0.5495,0.6131,0.8011,0.983,1.5711,0.5419,5.6489,12.0778,9.9868,0.4807,11.495,1.4306,0.5006,0.9866,0.1029,2.1593,0,0,0.676,0,0.0329,0.4257,0.2671,8.4515,3.5779,2.0246,0.2018,0.5465,0.1927,0.0802,0.1038,1.0576,0.3171,0.6082,0.5051,3.6358,0.5273,0.8364,0,0.0509,2.3529,0.165,0,0.5843,0.0731,0.5554,0.1818,0,0,0.0451,0.9744,0.0359,2.3978,0.2942,0.2491,0.1244,0.0893,0.0446,0,0.1934,0.352,0.0696,0.4146,1.2684,0,0.0882,0.1764,0,0.1665,0.0342,0,0,0,0.044,0,0.0782,0.1563,0,0.044,0,0,0,0,0,0,0,NA,NA,NA,NA,NA,NA
12.2329,1.6967,0.5273,0,0.0761,0.1489,0.0728,0.0662,0.0628,0.2209,2.161,0,0.2063,2.9439,0.5102,0,1.2542,1.6568,0.2923,0.1461,0.5054,0.2861,0.5039,0.6033,0.0556,2.2168,3.0253,0.7055,0.6766,0,1.5121,0.8325,0.9015,0,0.4761,0.5977,0.3882,1.987,0,5.8384,10.9515,10.4893,0.593,6.5413,1.4103,0.3468,1.2684,0,2.2468,0.2202,0.1762,0.5255,0.1307,0.2472,0.3033,0.0714,8.9623,3.2796,1.8412,0,0,0,0.5783,0.3864,1.073,0.3841,0.4609,0.4375,3.4991,0.7681,0.7295,0.4788,0.2467,2.1028,0.2788,0,0.3298,0.1201,0.881,0.0336,0.6354,0,0.2743,0.4414,0.2208,3.891,0.4901,0.6609,0.4061,0.2341,0.152,0,0.1445,0.8182,0.2321,0.4464,1.5026,0.0998,0.1496,0,0.0997,0.4981,0,0.3084,0,0,0,0.0994,0.3277,0,0.0297,0.0992,0.3069,0.424,0.0988,0.0494,0.0787,0,0,0,NA,NA,NA,NA,NA
12.4389,2.0623,1.0673,0.426,0,0.4254,0,0.4249,0.4243,0,1.269,0,0,2.4528,1.1121,0.2078,0.9667,1.8476,0.8188,0.2044,0.4084,0,0.6116,0,0.6083,1.4372,4.3459,0.1971,0.1639,0,2.6977,1.07,0.243,0,0.2921,0.7708,0,0.8557,0,4.7172,14.133,8.5241,1.1966,9.677,0.6544,0.1752,1.3018,0,2.9198,0.1602,0,0.4838,0.4789,0.4773,0.3173,0.7912,7.7797,5.3299,2.1116,0.6009,0,1.0174,0.2981,0.5953,0.2497,0.4442,0.0991,0,2.6431,0.7254,1.0129,0.2489,1.0073,1.0607,0,0.9519,0,0,0,0,0.0991,0.2822,0.1195,0,0,3.1936,0.2531,0.1379,0.1379,0.1378,0,0,0,0.3884,0.2738,0.5232,2.6675,0.2703,0.1351,0.27,0,0,0.4045,0,0,0,0,0.1346,0.269,0,0.1344,0,0.1344,0,0,0,0,0,0,0,0,NA,NA,NA,NA
14.6407,1.2939,0,0,0,0,0,0,0.3214,0.1179,2.9375,0,0.5139,2.3873,0.7917,0,0.6126,3.4335,0.3888,0.1942,0.1941,0,0,0,0.3869,1.9567,2.4787,0.7557,0.0038,0.1883,2.901,0,0.7407,0,0.1819,0,1.094,1.536,0,7.1297,10.2455,11.3709,0.4837,9.7818,0.5029,0,3.3548,0.9086,0.7521,0.2985,0,1.1142,0.4448,0.1834,0.3655,0.2949,8.7439,3.0378,2.3957,0,1.2799,0.4777,0.2973,0.435,0.4522,0.5514,0.9626,0.4116,2.1844,0.5687,0.8069,0.6708,0.9367,2.2023,0.0102,0,0.0104,0.5249,0.9436,0.1304,0.7892,0.1299,0.0082,0,0.515,3.0836,0.5136,0,0.1268,0.633,0,0,0,0,0.126,0.3776,0.6283,0,0,0,0,0.1255,0.1255,0.1254,0,0.1254,0,0,0.1253,0,0,0,0,0,0,0.1252,0,0,0,0,0,0,NA,NA,NA
18.8914,0.5189,0.2384,0.0966,0,0,0.2827,0.1413,0,0.4234,2.205,0.0938,0.1411,2.7294,0.4578,0,2.422,2.5258,0.5409,0,0.0366,0,0.0857,1.1117,0.4024,3.3444,1.8527,0.4729,0.1068,0.1307,2.2113,1.5958,0.6423,0.7691,0.2234,0.4645,0.8728,0,0.0392,4.8936,11.2211,7.746,1.4203,10.6432,1.1757,0.089,1.2548,0.2151,1.3068,0.3619,0,0.403,0.1062,0.5074,0.1472,0,6.5446,3.1641,1.3545,0.034,0,0.7738,0.7042,0,1.2665,0,0.7254,0.4285,3.6866,0.8622,0.773,0,0,1.6349,0.1761,0,0.309,0.1879,0.803,0.2808,0.5865,0.0933,0.373,0.1519,0,2.6623,0.4598,1.2841,0.366,0.1828,0,0.0914,0,0,0,0.4086,0.8603,0.181,0.1809,0.0904,0,0,0,0.2711,0,0,0.0903,0,0.2708,0.0214,0,0,0,0.0902,0,0,0.0902,0,0,3.9225,0,0,0,NA,NA
17.4716,0.9538,0.1822,0,0,0,0,0.2287,0,0.349,0.8403,0.0489,0.0722,2.662,0.656,0.1396,0.9487,2.2786,0.4038,0.1114,0.1612,0.0555,0,0.2269,0,3.7053,2.1293,1.0969,0.6235,0,0.4822,1.3287,0.5381,0.2533,0.5051,0.732,0,1.3412,0.4187,5.8038,11.8727,9.1223,0.7567,10.6212,1.0811,0.4813,1.1904,0.1299,2.6092,0.3496,0.0641,0.6268,0.3762,0.3117,0.7633,0.6347,8.5407,3.8205,1.9595,0.3461,0,0.1786,0.0291,0.5604,1.0252,0.0701,0.9741,0.1605,4.3271,0.8685,0.4614,0.4025,0.1141,1.7029,0,0,0.1677,0,0.0299,0.2253,0.1102,0,0,0.3073,0.1465,3.9799,1.2123,0.9182,0.3414,0.1628,0.0542,0.1627,0,0.1624,0.4849,0.491,1.336,0.1068,0,0,0,0.1067,0.0679,0,0,0,0.1211,0.3192,0,0,0,0,0,0.1063,0.0531,0,0,0,0,0.4921,0.053,0,0,0,NA
