V1,V2,V3,V4,V5,V6,V7,V8,V9,V10,V11,V12,V13,V14,V15,V16,V17,V18,V19,V20,V21,V22,V23,V24,V25,V26,V27,V28,V29,V30,V31,V32,V33,V34,V35,V36,V37,V38,V39,V40,V41,V42,V43,V44,V45,V46,V47,V48,V49,V50,V51,V52,V53,V54,V55,V56,V57,V58,V59,V60,V61,V62,V63,V64,V65,V66,V67,V68,V69,V70,V71,V72,V73,V74,V75,V76,V77,V78,V79,V80,V81,V82,V83,V84,V85,V86,V87,V88,V89,V90,V91,V92,V93,V94,V95,V96,V97,V98,V99,V100
11.3273,0,7.0126,2.1981,0.4186,0.058,0.2778,0.2822,1.5238,1.3101,0.3064,0.9938,0.4226,0,0.0677,0.8964,0.0659,0.0659,0.298,0.0661,0.2637,1.7247,0.2265,0,0,0.1938,0,0,0,NA,NA,NA,NA,NA,NA,NA,NA,NA,NA,NA,NA,NA,NA,NA,NA,NA,NA,NA,NA,NA,NA,NA,NA,NA,NA,NA,NA,NA,NA,NA,NA,NA,NA,NA,NA,NA,NA,NA,NA,NA,NA,NA,NA,NA,NA,NA,NA,NA,NA,NA,NA,NA,NA,NA,NA,NA,NA,NA,NA,NA,NA,NA,NA,NA,NA,NA,NA,NA,NA,NA
6.7428,2.1174,6.0402,4.5914,0.6062,1.51,0,0,1.036,2.7347,0,1.5316,2.0996,0.2863,0,0.3453,0,0.2843,0,0,0.5135,0,0.2807,0,0,0.2799,0,0,0,0,NA,NA,NA,NA,NA,NA,NA,NA,NA,NA,NA,NA,NA,NA,NA,NA,NA,NA,NA,NA,NA,NA,NA,NA,NA,NA,NA,NA,NA,NA,NA,NA,NA,NA,NA,NA,NA,NA,NA,NA,NA,NA,NA,NA,NA,NA,NA,NA,NA,NA,NA,NA,NA,NA,NA,NA,NA,NA,NA,NA,NA,NA,NA,NA,NA,NA,NA,NA,NA,NA
7.2201,0.6279,4.7459,3.8268,0.2949,0.1053,0.2941,0,0.3305,1.0875,0,1.2477,1.524,0.2845,2.3573,4.2004,0,0,0,0.2781,0,1.6549,0,0.8243,0.5484,0,0,0.5474,0,0,0,NA,NA,NA,NA,NA,NA,NA,NA,NA,NA,NA,NA,NA,NA,NA,NA,NA,NA,NA,NA,NA,NA,NA,NA,NA,NA,NA,NA,NA,NA,NA,NA,NA,NA,NA,NA,NA,NA,NA,NA,NA,NA,NA,NA,NA,NA,NA,NA,NA,NA,NA,NA,NA,NA,NA,NA,NA,NA,NA,NA,NA,NA,NA,NA,NA,NA,NA,NA,NA
6.7401,1.6523,6.6921,4.4785,0.9042,0,0.3382,0,0,1.0805,1.1059,1.7852,2.9726,0.1075,0.5958,0.4196,0.1064,0.1064,0.864,0.2514,0,1.2321,0.0396,0,0.1818,0,0.1028,0.2054,1.0376,0,0,0,NA,NA,NA,NA,NA,NA,NA,NA,NA,NA,NA,NA,NA,NA,NA,NA,NA,NA,NA,NA,NA,NA,NA,NA,NA,NA,NA,NA,NA,NA,NA,NA,NA,NA,NA,NA,NA,NA,NA,NA,NA,NA,NA,NA,NA,NA,NA,NA,NA,NA,NA,NA,NA,NA,NA,NA,NA,NA,NA,NA,NA,NA,NA,NA,NA,NA,NA,NA
0,0,11.6095,3.5644,0.7345,0.4989,0.2928,0.5849,0,1.6855,0.0374,1.3461,3.3134,0,2.851,2.6469,0.1381,0.1381,0.6046,0.0292,0,3.614,0,0.0945,0.0839,0,0,0,0.1325,0,0,0,0,NA,NA,NA,NA,NA,NA,NA,NA,NA,NA,NA,NA,NA,NA,NA,NA,NA,NA,NA,NA,NA,NA,NA,NA,NA,NA,NA,NA,NA,NA,NA,NA,NA,NA,NA,NA,NA,NA,NA,NA,NA,NA,NA,NA,NA,NA,NA,NA,NA,NA,NA,NA,NA,NA,NA,NA,NA,NA,NA,NA,NA,NA,NA,NA,NA,NA,NA
8.3489,0.0809,11.9149,0.2735,0.3843,0,0,0.0367,0,0,0.2834,1.8604,1.5533,0,1.5152,0.8697,0,0,0.7115,0.223,0,3.7912,0,0.1647,0,0,0,0,0.4783,0.4394,2.0708,0,0,0,NA,NA,NA,NA,NA,NA,NA,NA,NA,NA,NA,NA,NA,NA,NA,NA,NA,NA,NA,NA,NA,NA,NA,NA,NA,NA,NA,NA,NA,NA,NA,NA,NA,NA,NA,NA,NA,NA,NA,NA,NA,NA,NA,NA,NA,NA,NA,NA,NA,NA,NA,NA,NA,NA,NA,NA,NA,NA,NA,NA,NA,NA,NA,NA,NA,NA
8.9738,0,10.0298,1.3679,1.5117,0,0,0,0,0.8455,0,1.7943,4.2824,0.5543,0.358,2.7165,0.2008,0.301,0.081,0,0,1.6892,0,0.4256,0.2878,0.1936,0,0.1934,0.1933,0,0,0,0,0,0,NA,NA,NA,NA,NA,NA,NA,NA,NA,NA,NA,NA,NA,NA,NA,NA,NA,NA,NA,NA,NA,NA,NA,NA,NA,NA,NA,NA,NA,NA,NA,NA,NA,NA,NA,NA,NA,NA,NA,NA,NA,NA,NA,NA,NA,NA,NA,NA,NA,NA,NA,NA,NA,NA,NA,NA,NA,NA,NA,NA,NA,NA,NA,NA,NA
10.7804,0,5.9998,1.7481,1.2139,0.5334,0.0715,0,0,0,0.1337,1.615,4.1376,0.1956,1.7187,2.1568,0,0,0.974,0.5104,0,3.7151,0,0.7456,0.5978,0,0,0,0.064,0.0885,0,0,0,0,0,0,NA,NA,NA,NA,NA,NA,NA,NA,NA,NA,NA,NA,NA,NA,NA,NA,NA,NA,NA,NA,NA,NA,NA,NA,NA,NA,NA,NA,NA,NA,NA,NA,NA,NA,NA,NA,NA,NA,NA,NA,NA,NA,NA,NA,NA,NA,NA,NA,NA,NA,NA,NA,NA,NA,NA,NA,NA,NA,NA,NA,NA,NA,NA,NA
10.858,0,10.2831,0.1881,0.8892,0,0.2216,0.1664,0,0.0889,0.0882,1.4822,3.1355,0.3017,1.2555,2.1125,0.0472,0,0.3854,0.3204,0,4.2218,0,0,0.3587,0.0904,0.0882,0,0.1079,0.0803,0.0902,0.4578,0.0522,0.6285,0,0,0,NA,NA,NA,NA,NA,NA,NA,NA,NA,NA,NA,NA,NA,NA,NA,NA,NA,NA,NA,NA,NA,NA,NA,NA,NA,NA,NA,NA,NA,NA,NA,NA,NA,NA,NA,NA,NA,NA,NA,NA,NA,NA,NA,NA,NA,NA,NA,NA,NA,NA,NA,NA,NA,NA,NA,NA,NA,NA,NA,NA,NA,NA,NA
9.9427,0,8.0198,0.4871,0.9305,0.6243,0,0,0,1.1071,0,1.9475,3.4002,0.5744,1.6483,2.3785,0,0,0.5735,0,0,3.634,0.3627,1.2747,0,0.0094,0.3595,0,0.0898,0.3589,0,0.0985,0.2687,0.8127,0.0973,0,0,0,NA,NA,NA,NA,NA,NA,NA,NA,NA,NA,NA,NA,NA,NA,NA,NA,NA,NA,NA,NA,NA,NA,NA,NA,NA,NA,NA,NA,NA,NA,NA,NA,NA,NA,NA,NA,NA,NA,NA,NA,NA,NA,NA,NA,NA,NA,NA,NA,NA,NA,NA,NA,NA,NA,NA,NA,NA,NA,NA,NA,NA,NA
5.7449,0,10.1214,1.874,0.955,0.2643,0,0,0,0.9779,0.1343,1.8972,5.3524,0.0072,2.0839,3.6973,0.1215,0.1213,0.3193,0.3038,0,3.4434,0,0.8028,0.7581,0.1668,0,0.0556,0.2776,0.0031,0,0.1694,0.1662,0,0,0.1812,0,0,0,NA,NA,NA,NA,NA,NA,NA,NA,NA,NA,NA,NA,NA,NA,NA,NA,NA,NA,NA,NA,NA,NA,NA,NA,NA,NA,NA,NA,NA,NA,NA,NA,NA,NA,NA,NA,NA,NA,NA,NA,NA,NA,NA,NA,NA,NA,NA,NA,NA,NA,NA,NA,NA,NA,NA,NA,NA,NA,NA,NA,NA
3.4206,0,9.4594,0.388,0.9937,0.2358,0,0,0,0.9664,0.3782,4.21,8.5237,0,2.579,2.6657,0.0028,0.034,1.0019,0.1217,0,2.7119,0,0.4785,1.0682,0.0918,0.2153,0,0,0.0934,0.0299,0,0.1232,0.1304,0.0894,0,0.9872,0,0,0,NA,NA,NA,NA,NA,NA,NA,NA,NA,NA,NA,NA,NA,NA,NA,NA,NA,NA,NA,NA,NA,NA,NA,NA,NA,NA,NA,NA,NA,NA,NA,NA,NA,NA,NA,NA,NA,NA,NA,NA,NA,NA,NA,NA,NA,NA,NA,NA,NA,NA,NA,NA,NA,NA,NA,NA,NA,NA,NA,NA
0,0,11.3532,0,1.5745,0,0.4359,0,0,1.8031,0,3.102,9.8066,0.4141,3.4796,4.7001,0,0,0,0.6406,1.6991,0.3739,0,0.7501,0.2512,0.391,0,0,0.1267,0.1291,0,0.1289,0.0974,0,0,0.0973,0.0315,0.6143,0,0,0,NA,NA,NA,NA,NA,NA,NA,NA,NA,NA,NA,NA,NA,NA,NA,NA,NA,NA,NA,NA,NA,NA,NA,NA,NA,NA,NA,NA,NA,NA,NA,NA,NA,NA,NA,NA,NA,NA,NA,NA,NA,NA,NA,NA,NA,NA,NA,NA,NA,NA,NA,NA,NA,NA,NA,NA,NA,NA,NA
2.5885,0,8.7255,3.5378,0.8743,0.1821,0.4767,0,0.4467,0.2111,0.2999,3.1452,7.017,0.306,2.5761,3.3596,0.0474,0.014,0.5567,0.3994,0,2.7461,0,1.456,1.639,0.7254,0.3465,0.0571,0.3872,0.4953,0,0.3266,0,0,0,0.0449,0,0.0117,0,0,0,0,NA,NA,NA,NA,NA,NA,NA,NA,NA,NA,NA,NA,NA,NA,NA,NA,NA,NA,NA,NA,NA,NA,NA,NA,NA,NA,NA,NA,NA,NA,NA,NA,NA,NA,NA,NA,NA,NA,NA,NA,NA,NA,NA,NA,NA,NA,NA,NA,NA,NA,NA,NA,NA,NA,NA,NA,NA,NA
5.264,0,8.1052,0,1.5612,0.2797,0.1394,0,0,1.6279,0.8012,2.2602,7.5564,0.0826,3.4354,4.6604,0.0611,0.1832,1.3411,0.415,0,2.4987,0.3785,0.3415,1.1816,0.6523,0.6538,0.1729,0.3319,0,0.0146,0,0,0,0,0,0,0,0,0,0,0,0,NA,NA,NA,NA,NA,NA,NA,NA,NA,NA,NA,NA,NA,NA,NA,NA,NA,NA,NA,NA,NA,NA,NA,NA,NA,NA,NA,NA,NA,NA,NA,NA,NA,NA,NA,NA,NA,NA,NA,NA,NA,NA,NA,NA,NA,NA,NA,NA,NA,NA,NA,NA,NA,NA,NA,NA,NA
1.6247,0,6.7076,1.4436,1.3571,0.0279,0.1969,0.5372,0,0.2212,0.1534,2.9396,8.9906,0.2319,2.3146,6.2495,0.1253,0,0,0.2125,0,3.3865,0.3523,1.5366,1.673,0.7696,1.0716,0.1318,0.5929,1.0217,0.0261,0.1174,0.2217,0.4288,0,0.0519,0,0,0.2846,0,0,0,0,0,NA,NA,NA,NA,NA,NA,NA,NA,NA,NA,NA,NA,NA,NA,NA,NA,NA,NA,NA,NA,NA,NA,NA,NA,NA,NA,NA,NA,NA,NA,NA,NA,NA,NA,NA,NA,NA,NA,NA,NA,NA,NA,NA,NA,NA,NA,NA,NA,NA,NA,NA,NA,NA,NA,NA,NA
2.5804,0,8.5174,0.8961,1.2868,0.0306,0.2495,0,0,0.4222,0.5144,2.204,7.7741,0.5562,3.596,4.7133,0.0858,0,0.4994,0,0,2.0841,0.2776,0.7805,3.2893,1.1007,1.1198,0.1205,1.473,1.4535,0,0,0.2375,0,0.0097,0,0,0.1276,0,0,0,0,0,0,0,NA,NA,NA,NA,NA,NA,NA,NA,NA,NA,NA,NA,NA,NA,NA,NA,NA,NA,NA,NA,NA,NA,NA,NA,NA,NA,NA,NA,NA,NA,NA,NA,NA,NA,NA,NA,NA,NA,NA,NA,NA,NA,NA,NA,NA,NA,NA,NA,NA,NA,NA,NA,NA,NA,NA
3.2346,0.704,4.6327,1.721,1.1879,0.123,0.1573,0.3982,0,0.515,0,2.281,8.8281,0.546,2.4714,2.2549,0.0295,0,0,0,0,4.2063,0,3.1653,1.2948,0.8995,0.6941,0.3617,2.6456,3.3354,0,0.4712,0.303,0,0.164,0.0705,0,0.0933,0,0.0703,0,0.1404,0,0,0,0,NA,NA,NA,NA,NA,NA,NA,NA,NA,NA,NA,NA,NA,NA,NA,NA,NA,NA,NA,NA,NA,NA,NA,NA,NA,NA,NA,NA,NA,NA,NA,NA,NA,NA,NA,NA,NA,NA,NA,NA,NA,NA,NA,NA,NA,NA,NA,NA,NA,NA,NA,NA,NA,NA
4.9706,0,4.6507,0,0.7922,0.0474,0.1798,0.2449,0,0.7181,0.4449,3.1966,8.6071,0.4173,1.7805,3.8244,0.0538,0,0.379,0.2044,0,2.4801,0,1.787,1.7656,0.956,0.9869,0,2.0784,4.3804,0.3462,0.3784,0,0.7456,0.232,0.4306,0,0,0,0.0054,0,0.1203,0,0.7957,0,0,0,NA,NA,NA,NA,NA,NA,NA,NA,NA,NA,NA,NA,NA,NA,NA,NA,NA,NA,NA,NA,NA,NA,NA,NA,NA,NA,NA,NA,NA,NA,NA,NA,NA,NA,NA,NA,NA,NA,NA,NA,NA,NA,NA,NA,NA,NA,NA,NA,NA,NA,NA,NA,NA
1.3862,0,6.7747,0,0.8792,0.3979,0,0,0,1.1123,0.2765,1.652,8.1191,0.267,1.7436,3.3209,0.031,0,0.0699,0.5354,0,8.2016,0,1.7707,1.2645,0.8958,1.0583,0.1963,1.7978,3.0954,0.2242,0,0.4555,2.0411,0.3664,0.0915,0.3481,0.0367,0,0,0.0269,0.047,0.0537,0.1107,0.352,0,0,0,NA,NA,NA,NA,NA,NA,NA,NA,NA,NA,NA,NA,NA,NA,NA,NA,NA,NA,NA,NA,NA,NA,NA,NA,NA,NA,NA,NA,NA,NA,NA,NA,NA,NA,NA,NA,NA,NA,NA,NA,NA,NA,NA,NA,NA,NA,NA,NA,NA,NA,NA,NA
0.6577,0,5.7437,0,1.2397,0,0.1464,0,0,0.5698,0.4087,3.3423,11.1068,0.0837,3.1359,4.073,0.1885,0,0.1458,0,0,2.8014,0,1.6888,2.2576,1.0554,1.2651,0.2704,2.0567,3.8416,0.2915,0,0.2998,1.6159,0.5409,0.0214,0.3392,0.5311,0.2813,0,0,0,0,0,0,0,0,0,0,NA,NA,NA,NA,NA,NA,NA,NA,NA,NA,NA,NA,NA,NA,NA,NA,NA,NA,NA,NA,NA,NA,NA,NA,NA,NA,NA,NA,NA,NA,NA,NA,NA,NA,NA,NA,NA,NA,NA,NA,NA,NA,NA,NA,NA,NA,NA,NA,NA,NA,NA
0.7086,0,4.6669,1.0016,1.085,0,0.342,0,0,0.7924,0.1757,3.351,11.579,0.1934,2.5693,2.8218,0.2211,0,0.9832,0.023,0,2.4979,0,0.3223,2.0757,1.2769,2.3976,0.0947,2.5525,3.7386,0.4768,0.7304,0.5769,1.6895,0.789,0.0212,0.3985,0.3265,0,0.0936,0.059,0,0,0.3358,0.0277,0,0,0.005,0,0,NA,NA,NA,NA,NA,NA,NA,NA,NA,NA,NA,NA,NA,NA,NA,NA,NA,NA,NA,NA,NA,NA,NA,NA,NA,NA,NA,NA,NA,NA,NA,NA,NA,NA,NA,NA,NA,NA,NA,NA,NA,NA,NA,NA,NA,NA,NA,NA,NA,NA
0.138,0,7.1321,0,1.0122,0.1551,0,0.1209,0,0.1001,0.4917,2.0328,9.9939,0.4117,2.9298,2.8903,0.1521,6e-04,1.0857,0,0,1.9807,0,1.9523,1.8883,0.8558,1.5854,0.075,2.6378,3.6993,0.0543,0,0.1282,3.4592,0.8182,0.2816,0.5975,1.0575,1.4213,0.6184,0.0092,0,0,0.066,0.1573,0.0097,0,0,0,0,0,NA,NA,NA,NA,NA,NA,NA,NA,NA,NA,NA,NA,NA,NA,NA,NA,NA,NA,NA,NA,NA,NA,NA,NA,NA,NA,NA,NA,NA,NA,NA,NA,NA,NA,NA,NA,NA,NA,NA,NA,NA,NA,NA,NA,NA,NA,NA,NA,NA
1.3743,0,6.26,0,1.0054,0,0.181,0,0,1.2121,0.2608,3.4033,9.2383,0.2852,2.6959,3.4722,0.0821,0,0.5252,0.0186,0,2.7163,0,1.6243,1.2483,0.9161,0.9338,0.2031,1.4984,2.1243,0.1678,0.0257,0.4085,3.7039,0.7944,0.7032,1.2748,2.303,1.4118,0.0684,0.1919,0.2707,0,0.0464,0,0,0.0079,0.1055,0.0601,0.177,0,0,NA,NA,NA,NA,NA,NA,NA,NA,NA,NA,NA,NA,NA,NA,NA,NA,NA,NA,NA,NA,NA,NA,NA,NA,NA,NA,NA,NA,NA,NA,NA,NA,NA,NA,NA,NA,NA,NA,NA,NA,NA,NA,NA,NA,NA,NA,NA,NA
3.3481,0,6.2884,0,0.7424,0,0.0108,0,0,0.3191,0.1777,1.8344,7.4311,0.2847,1.8953,1.9572,0.0079,0,0.3768,0,0,4.9877,0,1.3626,1.673,1.06,1.3073,0,1.1915,2.9633,0.1916,0.2675,0.9997,4.6297,0.6215,1.0054,1.3999,2.2936,2.3728,0.1452,0.3995,0.2498,0,0.0643,0.0311,9e-04,0,0.0508,0.0062,0.0512,0,0,0,NA,NA,NA,NA,NA,NA,NA,NA,NA,NA,NA,NA,NA,NA,NA,NA,NA,NA,NA,NA,NA,NA,NA,NA,NA,NA,NA,NA,NA,NA,NA,NA,NA,NA,NA,NA,NA,NA,NA,NA,NA,NA,NA,NA,NA,NA,NA
0,0,5.3152,0,0.732,0,0.0464,0,0,0.8044,0.4251,2.2708,9.0029,0.676,2.1207,2.5106,0.1134,0,0.4433,0.1257,0,6.4342,0,2.0775,1.7683,1.2009,1.1081,2e-04,0.614,1.4338,0,0.1903,1.1717,5.0682,0.5846,0.3819,1.6591,2.2068,2.8925,0.4589,0.5167,0.0291,0,0.382,0.1323,0,0.1023,0,0,0,0,0,0,0,NA,NA,NA,NA,NA,NA,NA,NA,NA,NA,NA,NA,NA,NA,NA,NA,NA,NA,NA,NA,NA,NA,NA,NA,NA,NA,NA,NA,NA,NA,NA,NA,NA,NA,NA,NA,NA,NA,NA,NA,NA,NA,NA,NA,NA,NA
9.4326,0,5.1807,0.129,0.7717,0.1839,0,0,0.4926,1.196,0.5556,1.8224,6.8386,0,1.8429,3.4049,0,0,0,0.5966,0,4.0845,0,0.1437,1.0137,0.6518,0.846,0.2722,1.2306,2.696,0.2199,0,0.9078,3.8502,0.5148,0.6392,0.4715,1.2113,2.372,0.3214,0.7807,0.5264,0.028,0.6101,0.1392,0,0.0218,0,0,0,0,0,0,0,0,NA,NA,NA,NA,NA,NA,NA,NA,NA,NA,NA,NA,NA,NA,NA,NA,NA,NA,NA,NA,NA,NA,NA,NA,NA,NA,NA,NA,NA,NA,NA,NA,NA,NA,NA,NA,NA,NA,NA,NA,NA,NA,NA,NA,NA
0.8432,0,8.8441,0.9679,0.6414,0.3437,0,0,0,1.6935,0,1.9819,7.7339,0.011,0.7606,3.1582,0.0629,0,0,0,0,7.1252,0,2.5322,2.8585,0.6495,1.9849,0.0511,1.4751,2.0255,0.4636,0,1.4735,2.2787,0.1216,0.3863,1.1692,1.0202,2.285,0.4818,0.181,0.2246,0,0.6586,0.3377,0,0,0.1258,0,0.0481,0,0,0,0,0,0,NA,NA,NA,NA,NA,NA,NA,NA,NA,NA,NA,NA,NA,NA,NA,NA,NA,NA,NA,NA,NA,NA,NA,NA,NA,NA,NA,NA,NA,NA,NA,NA,NA,NA,NA,NA,NA,NA,NA,NA,NA,NA,NA,NA
0,0,8.2017,0,0.1572,0,0.2349,0.5475,0,2.019,1.3801,1.2653,4.8077,0.3638,2.1992,1.1374,0.2119,0,0.8347,0,0,11.8129,0,0.1993,1.3859,1.2061,0.378,0,0.3987,3.3214,0,0.1011,0.1947,5.2206,0.6339,1.327,0.7837,1.3754,1.8289,0.2795,0.3346,0.9457,0.0553,2.3663,0.1092,0,0.1635,0,0,0.1633,0.0543,0,0,0,0,0,0,NA,NA,NA,NA,NA,NA,NA,NA,NA,NA,NA,NA,NA,NA,NA,NA,NA,NA,NA,NA,NA,NA,NA,NA,NA,NA,NA,NA,NA,NA,NA,NA,NA,NA,NA,NA,NA,NA,NA,NA,NA,NA,NA
1.6826,0,7.7361,0.8551,0.9954,0.0759,0.1998,0.0027,0,1.6111,0.9392,1.0936,2.841,0.1168,1.3793,1.8262,0.1311,0,0.2244,0.4165,0,18.8524,0,0.0512,0.2869,0.701,0.6493,0.0305,0.9255,2.9563,0.6496,0.0906,1.0337,6.4004,0.3301,0.5862,0,0.3391,0.4766,0.2434,0.3157,0.3614,0.0514,0.1905,0.399,0,0.2558,0.4739,0.0691,0.1037,0.05,0,0,0,0,0,0,0,NA,NA,NA,NA,NA,NA,NA,NA,NA,NA,NA,NA,NA,NA,NA,NA,NA,NA,NA,NA,NA,NA,NA,NA,NA,NA,NA,NA,NA,NA,NA,NA,NA,NA,NA,NA,NA,NA,NA,NA,NA,NA
2.8361,0,6.9727,0.0352,1.1889,0.0488,0.0108,0.1375,0,0.9306,0.2524,1.514,5.2727,0.2781,1.0835,1.2361,0.0713,0,0.2965,0.0103,0,12.8178,0.0384,1.4264,0.774,0.4449,0.8059,0.0706,0.7841,2.1975,0,0.2258,1.2911,7.4227,0.5021,0.2429,1.0305,0.4382,1.0555,0.2817,0.4826,1.1697,0.0183,2.1028,0.3091,0,0.0257,1.1527,0.1277,0.1217,0.0889,0.083,0.0948,0.1974,0,0,0,0,0,NA,NA,NA,NA,NA,NA,NA,NA,NA,NA,NA,NA,NA,NA,NA,NA,NA,NA,NA,NA,NA,NA,NA,NA,NA,NA,NA,NA,NA,NA,NA,NA,NA,NA,NA,NA,NA,NA,NA,NA,NA
5.8818,0,8.6727,2.0709,1.3154,0,0.105,0,0.0637,0.0196,0.2431,0.9309,2.1956,0.1468,0.741,1.4801,0,0,0,0,0,18.7387,0,0.3914,1.6143,0.4282,0.4141,0,0.4556,2.5817,0,0,1.5087,6.2568,0.3438,0.5561,0,0.5437,0,0.2263,0,0.5102,0,0.3307,0.1193,0.0557,0,1.2504,0.0627,0.0313,0,0,0.1657,0,0.1103,0.0551,0.3823,0,0,0,NA,NA,NA,NA,NA,NA,NA,NA,NA,NA,NA,NA,NA,NA,NA,NA,NA,NA,NA,NA,NA,NA,NA,NA,NA,NA,NA,NA,NA,NA,NA,NA,NA,NA,NA,NA,NA,NA,NA,NA
5.0239,0,11.477,0.6376,0.8583,0.2178,0.2971,0.0426,0.3227,0.2265,0.2373,1.0347,3.9419,0.0812,1.1526,1.2303,0,0,0.1743,0,0,18.1899,0,0.4315,1.0666,0.3806,0.0559,0,0.4699,2.9476,0.1037,0.2517,1.0556,5.2451,0.2753,0.4954,0.5134,0.4824,0.6732,0,0.3687,0,0,0.374,0.2052,0,3e-04,0.5814,0.2318,0.1703,0.2087,0.0578,0.0578,0,0.077,0,0.0734,0,0,0,0,NA,NA,NA,NA,NA,NA,NA,NA,NA,NA,NA,NA,NA,NA,NA,NA,NA,NA,NA,NA,NA,NA,NA,NA,NA,NA,NA,NA,NA,NA,NA,NA,NA,NA,NA,NA,NA,NA,NA
5.2426,0,8.8784,2.2445,1.1301,0,0.2503,0.3198,0,0.8181,0.1601,1.32,3.9561,0.4011,1.4221,3.15,0.0913,0,0.2585,0,0,13.1919,0,0.6908,0.9311,0.8221,0.1538,0,1.0069,1.4798,0.2294,0,1.3959,8.518,0.0568,0.4498,0.875,0,0.1069,0,0.3821,0.1931,0,0.7372,0.2635,0,0.1766,0.7557,0.0579,0.1821,0.1847,0.1483,0,0,0.1298,0.0423,0.105,0.0633,0.0273,0,0,0,NA,NA,NA,NA,NA,NA,NA,NA,NA,NA,NA,NA,NA,NA,NA,NA,NA,NA,NA,NA,NA,NA,NA,NA,NA,NA,NA,NA,NA,NA,NA,NA,NA,NA,NA,NA,NA,NA
4.6842,0,6.9819,5.4735,1.3231,0,0,0,0,0.3271,0.1847,0.4847,4.6377,0.3377,0.5245,1.2196,0.0125,0,0,0,0,14.8972,0.0709,0,0.9082,0,0,0.4007,0.5323,1.8451,0,0,2.7542,11.2722,0.9367,0.3459,0.5544,0.4845,0,0,0,0,0.0554,0.1065,0.557,0,0,0,0.2209,0.1643,0,0.3866,0.6616,0.3825,0,0,0.2717,0,0,0,0,0,0,NA,NA,NA,NA,NA,NA,NA,NA,NA,NA,NA,NA,NA,NA,NA,NA,NA,NA,NA,NA,NA,NA,NA,NA,NA,NA,NA,NA,NA,NA,NA,NA,NA,NA,NA,NA,NA
5.2636,0,11.8233,0.0736,1.3621,0.3394,0.1208,0.1429,0,0.7959,0.2261,0.8884,3.4136,0.069,1.1367,2.4419,0,0,0.0082,0,0,15.6682,0.8116,0.8395,0.6664,0.6269,0.4954,0.0219,0.2345,2.6782,0.0116,0.1173,1.6444,8.0497,0.5352,0.5976,0.7945,0.8396,0.1641,0,0.1331,0.0057,0,0.0066,0,0,0.1014,0.0836,0.1323,0.3428,0.1781,0.2562,0.4112,0.3776,0.0073,0.0619,0,0,0,0,0,0,0,0,NA,NA,NA,NA,NA,NA,NA,NA,NA,NA,NA,NA,NA,NA,NA,NA,NA,NA,NA,NA,NA,NA,NA,NA,NA,NA,NA,NA,NA,NA,NA,NA,NA,NA,NA,NA
8.5104,0,9.3194,0,1.154,0.5487,0.1039,0,1.1545,0.4687,0.2538,1.4226,5.2203,0.1534,2.2566,2.5882,0.0379,0,0.4157,0.7968,0,12.4544,0,0.9766,1.1653,0.6251,0.3818,0,0.7136,2.5943,0,0,1.0531,7.7988,0.5992,0.0685,0.3059,0.8921,0.0833,0,0.4119,0.0365,0.0414,0.0189,0,0.0827,0,0.3017,0.0483,0.0225,0,0.1891,0.2863,0.1779,0.0101,0.0536,0,0.0272,0.068,0.039,0,0,0.0679,0,0,NA,NA,NA,NA,NA,NA,NA,NA,NA,NA,NA,NA,NA,NA,NA,NA,NA,NA,NA,NA,NA,NA,NA,NA,NA,NA,NA,NA,NA,NA,NA,NA,NA,NA,NA
0,12.7119,3.3837,0,2.8475,2.1191,0,0.7032,2.1005,0,0.6866,0,2.6084,0,0,1.9912,0,0,0.8281,0,0,19.2185,0,1.9457,0,0.56,1.9149,1.6482,0,0,0,0,4.5945,0,1.8018,0,0,0,0,0,0,0.4295,0,0,0,0.4278,0.4272,0,0.8505,0,0,0,0,1.099,1.2631,0.4199,0.4194,0,0,0,0,0,0,0,0,0,NA,NA,NA,NA,NA,NA,NA,NA,NA,NA,NA,NA,NA,NA,NA,NA,NA,NA,NA,NA,NA,NA,NA,NA,NA,NA,NA,NA,NA,NA,NA,NA,NA,NA
0.2876,0,7.8985,1.1365,1.2108,1.3755,0,0,0.3631,0.7629,1.0021,1.4485,5.428,0,3.8326,4.4084,0,0.093,0,0,0,14.9091,0.485,0,0,0.6794,0,0.4522,2.2488,1.6627,0.2188,0.867,0,5.2587,0,0.2525,1.6283,0,0,0,0.4478,0.2468,0,0.8929,0.1486,0,0,0,0,0.8889,0.0446,2.2105,0.9739,2.4635,0.4358,0.2903,0.6126,0.1446,0,0.1446,0.1445,0,0,0,0,0,0,NA,NA,NA,NA,NA,NA,NA,NA,NA,NA,NA,NA,NA,NA,NA,NA,NA,NA,NA,NA,NA,NA,NA,NA,NA,NA,NA,NA,NA,NA,NA,NA,NA
3.0574,0,15.2941,1.6215,1.3197,0.7679,0.0885,0,0.2454,1.2137,0.3279,1.1031,1.9888,0,0.352,1.6038,0,0,0.6751,0.1558,0,14.4701,0,1.2248,0,0.6298,0.7774,0,1.3346,3.6911,0,0.4222,0.4662,6.124,0.4165,0.288,0,0.1899,0.0087,0,0,0.3149,0.0418,0,0.0577,0,0,0.1473,0.1152,0,0,0.7125,2.2083,3.5432,0.5872,0.6509,0.5735,0.081,0,0.0278,0,0.0405,0.0404,0,0,0,0,0,NA,NA,NA,NA,NA,NA,NA,NA,NA,NA,NA,NA,NA,NA,NA,NA,NA,NA,NA,NA,NA,NA,NA,NA,NA,NA,NA,NA,NA,NA,NA,NA
5.0991,0,10.5611,4.3824,1.0403,0.3556,0,0.4296,0.1113,0,0.407,0.6981,2.556,0.2298,1.4865,0.9168,0,0,0.0607,0,0,15.3933,0,1.2313,0,0.4485,0.8088,0.2221,0.1502,2.1316,0.1002,0.1268,1.4373,5.8089,0.1785,0,0.4766,0.3118,0.2366,0,0.0413,0,0.0257,0,0,0,0,0.1907,0.3242,0.5289,0.5527,0.9251,2.1654,4.5304,1.9811,0.5929,0.4989,0.0223,0.1008,0.0445,0,0.0784,0,0,0,0,0,0,0,NA,NA,NA,NA,NA,NA,NA,NA,NA,NA,NA,NA,NA,NA,NA,NA,NA,NA,NA,NA,NA,NA,NA,NA,NA,NA,NA,NA,NA,NA,NA
5.7243,0,9.0853,1.9886,1.6008,0,0,0,0,0.7578,0.1646,0.8154,2.7745,0.1518,1.0486,0.8218,0,0.0599,0.3878,0,0,11.6683,0,0,0.0372,0.1702,1.8364,0.0596,0.4873,1.5845,0.2585,0.2912,0.6878,3.422,0,0.1121,0.1214,0.0194,1.0582,0,0,0,0,0,0.0684,0,0,0.4933,0.3555,0.3545,0.8684,1.8087,4.2008,8.2311,3.5521,1.4511,1.7276,0,0.5923,0.1011,0,0,0,0,0,0,0,0,0,0,NA,NA,NA,NA,NA,NA,NA,NA,NA,NA,NA,NA,NA,NA,NA,NA,NA,NA,NA,NA,NA,NA,NA,NA,NA,NA,NA,NA,NA,NA
6.5893,0,8.554,2.4005,1.1681,0,0,0,0,0.2047,0.0574,0.5967,1.6053,0.0661,0.7294,0.9314,0.0649,0,0.5197,0.3992,0,9.3897,0.36,0.6227,1.8637,0.272,0.346,0,0.2681,0.7954,0.0477,0.3189,0.4264,1.4219,0,0,0,0.1168,0.0656,0,0.0267,0.0121,0,0,0.0847,0.0919,0,0.462,0.2965,0.6928,0.6278,2.483,2.6813,9.3345,5.4442,2.3417,2.2363,0,1.6981,0.5711,0.8451,0.6738,0.877,0.1164,0.2011,0,0,0,0,0,0,NA,NA,NA,NA,NA,NA,NA,NA,NA,NA,NA,NA,NA,NA,NA,NA,NA,NA,NA,NA,NA,NA,NA,NA,NA,NA,NA,NA,NA
7.5259,0,10.9088,3.6966,1.0016,0.1617,0,0.3173,0,0,0.3132,1.053,4.1137,0,0.6408,1.8323,0.0639,0.0373,0.2424,0,0,12.4557,0.1859,0,0.0053,0.2165,0.4193,0.0098,0,1.7747,0.3933,0,1.189,1.3522,0.3265,0.0544,1.8158,0.3387,0.1765,0.0536,0,0.0828,0,0.1605,0.0292,0,0,1.0175,0.3764,0.6401,0.6696,1.527,1.7247,6.3987,3.8151,1.5457,1.3943,0,0.7302,0,0.0479,0,0,0,0,0.1646,0,0,0,0,0,0,NA,NA,NA,NA,NA,NA,NA,NA,NA,NA,NA,NA,NA,NA,NA,NA,NA,NA,NA,NA,NA,NA,NA,NA,NA,NA,NA,NA
5.9853,0,12.04,1.8707,1.6605,0.3425,0,0.05,0.5681,0.2938,0.2339,1.034,2.4138,0.2696,0.5359,0.3653,0.132,0,0.7918,0.2134,0,13.2917,0.2081,0,0,0.6678,0.4725,0,0.093,1.1824,0.2103,0.3593,0.8453,3.5013,0.1354,0.1018,0.1455,0.1273,0,0.0452,0.0904,0.0437,0,0.3944,0.1112,0,0,0.2693,0.2076,0.4071,0.7538,1.7495,2.8466,7.7164,3.891,2.571,1.4242,0.0149,0.606,0.228,0.0205,0,0.0205,0.0205,0.0425,0,0.041,0.158,0.1841,0,0,0,0,NA,NA,NA,NA,NA,NA,NA,NA,NA,NA,NA,NA,NA,NA,NA,NA,NA,NA,NA,NA,NA,NA,NA,NA,NA,NA,NA
1.9303,0.6736,7.9439,1.6107,1.2188,0.199,0.1619,0,0,0.4833,0.0826,0.684,2.6827,0.1348,0.667,1.308,0,0,0,0,0,13.2578,0,0.1278,0,0.2754,0.0223,0.1598,0,1.5681,0.18,0.1278,1.1775,3.2645,0.1603,0.213,0.2698,0.1335,0.2004,0,0,0,0.0272,0.0224,0.0272,0,0,0.285,0.1977,0.3883,0.8755,2.0371,3.7428,10.91,6.3478,3.1459,3.1506,0.0238,1.9554,0.6088,0.0469,0.038,0.0469,0.0469,0.02,0.029,0,0,0.1081,0,0,0,0,0,NA,NA,NA,NA,NA,NA,NA,NA,NA,NA,NA,NA,NA,NA,NA,NA,NA,NA,NA,NA,NA,NA,NA,NA,NA,NA
2.157,0,9.4432,3.2282,0.9325,0.0991,0.0966,0.22,0.2128,0.8848,0,0.4513,1.727,0.1,0.644,0.3243,0,0,0,0,0,11.9224,0,0.9966,0,0.237,0.2735,0,0.2607,0.8292,0.0318,0.022,1.0767,3.8071,0.1911,0.0279,0.2519,0.0553,0.2995,0,0,0,0,0.0686,0,0,0,1.0834,0.0347,0.7097,0.5317,2.3741,3.0509,10.7457,6.2299,2.6766,3.1118,0,2.1699,1.5923,0.0749,0.1354,0.0748,0.1994,0,0.0106,0,0,0.0919,0.2303,0,0,0,0,0,NA,NA,NA,NA,NA,NA,NA,NA,NA,NA,NA,NA,NA,NA,NA,NA,NA,NA,NA,NA,NA,NA,NA,NA,NA
8.6429,0.0962,7.5879,1.3906,0.9299,0.1685,0.0735,0,0.4921,0.097,0.1384,0.529,2.2452,0.1903,0.7801,1.19,0.0274,0,0.0535,0,0,10.8163,0,0.577,0,0.4068,0.4709,0,0.1164,0.8167,0,0.0297,0.8805,4.5273,0.1925,0.1216,0.313,0,0.162,0,0,0,0.0222,0,0,0,0.0098,1.1528,0.0523,0.724,0.4271,2.2111,3.3148,10.1869,5.0876,2.9446,2.4842,0.0366,1.5112,0.2741,0,0.1083,0.018,0,0.1584,0.0186,0.018,0.018,0.0991,0.0115,0.8186,0.1069,0.786,0.3361,0,0,NA,NA,NA,NA,NA,NA,NA,NA,NA,NA,NA,NA,NA,NA,NA,NA,NA,NA,NA,NA,NA,NA,NA,NA
3.9611,0,7.3455,0.654,0.8033,7e-04,0.0138,0.1689,0,0.3012,0.0105,0.7785,1.7624,0,1.1387,0.7544,0.0164,0.0037,0.5943,0,0,10.678,0,0.2728,0.2639,0.2049,0,0,0.1893,0.8074,0.1272,0.1823,0.678,3.2068,0.1566,0.046,0.3125,0.2918,0.0954,0.0182,0,0.0272,0.0181,0.1131,0.0542,0,0,1.1149,0.3701,0.5786,0.8168,3.0334,4.5597,13.3669,6.3207,3.64,3.4425,0.0816,1.8108,1.3685,0.0193,0.1427,0.0327,0.0044,0.1583,0,0,0.0059,0.0192,0.0868,0.2171,0.0257,0.0107,0.722,0,0,0,NA,NA,NA,NA,NA,NA,NA,NA,NA,NA,NA,NA,NA,NA,NA,NA,NA,NA,NA,NA,NA,NA,NA
2.3055,0,5.9342,1.8472,0.7365,0.2708,0,0.1647,0,0.5016,0.0419,1.0941,3.2654,0.1026,1.5424,1.7332,0.0491,0,0.1136,0.1666,0,9.1296,0.226,0.4928,0.4255,0.2391,0.1429,0.0723,0.2417,1.0436,0.0866,0.0465,0.8549,4.0544,0.1626,0.0381,0.2742,0,0.1036,0.0087,0.043,0.0375,0,0,0.0394,0.0333,0,1.145,0.3554,0.8586,0.2113,2.9348,4.4783,13.8468,7.02,4.4365,2.6635,0,1.7693,0.5035,0.0035,0.0974,0.0035,0,0.111,0,0.0225,0.112,0.0071,0,0.2901,0.0842,0.2296,0.1504,0,0,0,0,NA,NA,NA,NA,NA,NA,NA,NA,NA,NA,NA,NA,NA,NA,NA,NA,NA,NA,NA,NA,NA,NA
2.2817,0,5.3152,1.5915,1.2148,0.2144,0,0,0,0.3286,0.1171,2.7542,10.5849,0.5188,2.5781,3.04,0.1161,0,0.0019,0,0,5.6179,0,0.3352,0.4331,0.4176,0.4659,0.0135,0.5969,2.0508,0.144,0.1342,1.0994,3.4617,0.2132,0.1195,0.3681,0.489,0.7321,0.0129,0.0441,0.104,0,0,0,0,0,0.6947,0.1706,0.6282,0,2.0926,3.5948,9.8112,5.9593,5.0131,0.8522,0,2.6303,0.3711,0.0052,0,0.0105,0.0704,0.145,0,0,0,0,0,0.1415,0.0955,0.0918,0.1118,0,0,0,0,0,NA,NA,NA,NA,NA,NA,NA,NA,NA,NA,NA,NA,NA,NA,NA,NA,NA,NA,NA,NA,NA
2.7406,0,4.9123,0.7543,1.2257,0.2166,0,0,0,0.2327,0.2428,2.0439,7.0424,0.2226,2.0974,2.1139,0.1316,0,0.0665,0.3394,0,5.6599,0.0789,0.347,0.5586,0.3662,0,0,0.3268,1.4227,0.0899,0.0408,1.083,3.5613,0.1215,0.0885,0.2298,0.3274,0.7324,0.0127,0.0509,0,0,0,0.0638,0,0,0.4196,0.2352,0.7801,0.1617,3.0675,4.6153,14.3888,8.2146,6.2003,0,0.0529,2.7243,0.276,0,0,0.0036,0,0.1159,0,0.0211,0,0,0,0.0818,0.0585,0.0382,0,0,0,0,0,0,0,NA,NA,NA,NA,NA,NA,NA,NA,NA,NA,NA,NA,NA,NA,NA,NA,NA,NA,NA,NA
2.3088,0,5.1898,1.0476,0.7774,0,0.0153,0,0,0.8689,0.3316,2.4147,7.9075,0.4344,2.1018,2.7206,0.0657,0,0.3677,0.0618,0,4.8189,0,0,0.2306,0.4475,0.413,0.0468,0.7522,1.2152,0.114,0.2341,0.8591,3.192,0.1551,0.1045,0.3051,0.3587,0.8343,0.0489,0.0431,0.0855,0.0237,0.0911,0.1252,0,0,0.7483,0.2298,0.6961,0,2.7137,4.5104,13.2982,7.3982,6.45,0,0.032,3.6516,0.1135,0,0,0.0024,0,0.3225,0,0,0,0,0,0.0218,0.0509,0.1541,0,0.4944,0,0,0,0,0,0,NA,NA,NA,NA,NA,NA,NA,NA,NA,NA,NA,NA,NA,NA,NA,NA,NA,NA,NA
0,3.1363,8.9412,0,0.4532,0,0,0.4162,0,0.5293,0.6589,0.6207,2.1269,0,0.7782,0,0,0,0,0,0,8.7229,0,0.0136,0.176,0.1806,1.0988,0.3542,0.4443,0.6588,0,0,0,2.9685,0.1646,0,0.567,0.2367,0,0.1626,0,0,0,0,0,0,0,0.9736,0.2307,0,0,4.2317,4.662,18.7721,8.6455,4.7865,0,0.1946,1.3969,0.3973,0,0.2038,0.1853,0,0.2186,0.1998,0,0.2186,0.5466,0.2862,0,0.1232,0,0,0.5539,0.0793,0,0.9716,1.7129,0,0,0,NA,NA,NA,NA,NA,NA,NA,NA,NA,NA,NA,NA,NA,NA,NA,NA,NA,NA
3.8892,0,4.391,0,0.6447,0.0014,0,0,0,0,0.0702,0.7697,2.1317,0.203,0.6038,1.1304,0.0666,0,0.0603,0,0,5.3986,0,0.0564,0.1635,0.2335,0,0.1723,0,0.8865,0,0.209,0.772,2.51,0.1091,0.2124,0.3016,0.1055,0.2986,0,0,0.0477,0,0.2144,0.3182,0,0,2.3414,0.1516,0.6301,1.7337,4.0299,7.6853,19.807,9.8178,5.8875,0.9633,0.1202,2.0632,0.3611,0,0.0953,0,0.051,0.531,0.2573,0.0518,0.1762,0.1367,0.1699,0.3565,0.0843,0.1831,0,0.2102,0,0,0.0689,0.0649,0,0,0,0,NA,NA,NA,NA,NA,NA,NA,NA,NA,NA,NA,NA,NA,NA,NA,NA,NA
5.5651,0,4.8651,1.7088,0.7413,0.2077,0,0.1102,0.3212,0.417,0,0.1657,2.0301,0.0516,0.9832,0.9823,0.1157,0,0,0,0,10.1629,0,0.0659,0.1092,0.514,0.3468,0,1.0396,1.1952,0.1754,0.383,0.8384,4.2608,0.4375,0.131,0.0317,0,0,0,0,0,0.0431,0,0.0429,0,0,2.7196,0.2155,1.1175,0.0769,3.216,4.4065,13.1107,7.5535,6.0212,0,0.125,3.2961,0,0.1325,0.2103,0.0918,0,0.0631,0.4063,0.1158,0.3612,0.3865,0.178,1.1595,0.2269,0.1869,0,0.3263,0.087,0.4291,0.4468,0.262,0.0292,0,0,0,0,NA,NA,NA,NA,NA,NA,NA,NA,NA,NA,NA,NA,NA,NA,NA,NA
7.5938,0,4.8875,2.8724,1.0655,0,0.0578,0,0,0.2813,0.0569,0.2303,2.1848,0.3113,1.179,0.341,0,0,0.2787,0,0,10.9174,0,0,0,0.8602,0,0,0.0412,1.2055,0.1276,0,1.3548,4.8805,0.3024,0,0.5458,0,0.5271,0,0.0459,0.0796,0,0,0.0457,0.0215,0,3.2586,0.9083,0.3958,0,1.7716,3.1983,10.9954,7.1405,6.2987,0,0,3.772,0.8196,0.1055,0,0.1052,0.0139,0,0.0797,0.0293,0,0.2193,0.4085,1.4782,0.5328,0.2987,0.0653,0.2989,0.0416,0.5536,0.381,0.3098,0.2245,0,0,0,0,0,NA,NA,NA,NA,NA,NA,NA,NA,NA,NA,NA,NA,NA,NA,NA
0,0,8.8849,4.7041,0.7863,0.0994,0.0518,0,0,0,0.1102,0.5243,2.2517,0,0.637,0.6155,0.0526,0,0,0.1243,0,10.331,0,0.1066,0,0.6016,0.8256,0,0.2045,1.0297,0,0.187,0.9717,1.7652,0.071,0,0,0,0.2054,0,0.081,0.035,0,0,0,0,0,3.6808,0.149,0.4007,0.2008,3.5949,4.3673,13.5206,7.353,7.4274,0.902,0,3.9442,0,0,0,0.0038,0,0.4744,0.8089,0.1396,0.2455,0.2845,0.4944,1.9701,0.3654,0.5597,0.1958,0.2942,0.0139,0.057,0.1484,0.0569,0.0896,0,0,0,0,0,0,NA,NA,NA,NA,NA,NA,NA,NA,NA,NA,NA,NA,NA,NA
0.1521,0.1334,10.7441,3.3015,1.3083,0.1312,0.1159,0.0382,0.4068,0,0.1814,0.6602,1.6195,0.2869,0.7541,1.7287,0,0.0307,0.3126,0,0,16.1153,0,0.0077,0,0.1963,0.3669,0,0.6333,1.4336,0.0016,0.1432,1.1396,5.1985,0.2513,0.063,0.6569,0.2349,0.8435,0,0,0.0054,0,0,0.2019,0,0,6.6186,0.4662,0.4094,0,1.3318,1.9926,3.3549,4.02,4.248,0,0.05,5.0633,0,0,0,0,0,0,0,0.2499,0,1.0139,1.3638,3.9578,1.2376,1.3993,0.7944,0.4585,0.2143,0.0643,0.1108,0.0408,0.0504,0.0271,0.0407,0.0233,0,0,0,0,NA,NA,NA,NA,NA,NA,NA,NA,NA,NA,NA,NA,NA
0,0,11.6652,2.0179,1.5176,0,0,0,0,0,0.0383,0.5239,2.3502,0,1.2402,2.0217,0.0942,0.1279,0.2752,0,0,12.7194,0,0.497,0,0.7183,0.8213,0.0848,0.3908,2.1159,0.1866,0.3683,0.9857,4.6225,0.3216,0.0535,1.0701,0.2934,0.5652,0,0.0698,0,0,0.128,0.0863,0,0,4.8884,0.3522,0.2878,0,0.3985,0.6084,3.4492,4.1235,7.8202,0,0,5.8084,0,0,0.0467,0.0162,0,0.2493,0.5664,0,0.2893,0.5233,0.846,4.9641,0.9112,1.587,1.804,0.4329,0.1298,0.3606,0.2678,0.1384,0.0128,0.1254,0,0,0.0209,0,0,0,0,NA,NA,NA,NA,NA,NA,NA,NA,NA,NA,NA,NA
0,0,9.3809,2.9271,0.6997,0,0.2351,0,1.7688,0,0,0.7014,1.1326,0.1381,1.7728,0.4981,0,0,0,0,0,17.6576,0,0.0979,0,0.5597,0.4269,0.12,0.1631,1.9995,0,0.3106,1.1323,4.718,0,0.1941,1.0134,0.3821,0.8,0,0,0,0,0.2082,0.146,0.4174,0,6.0938,1.0098,0.5836,0,0.0635,1.1122,3.3577,1.486,6.5184,0,0,6.5425,0,0.0861,0.1139,0,0,0.299,0,0.1175,0.0127,0.3605,0.6617,5.2183,1.5999,1.6648,1.8477,0.3656,0,0.2365,0.3636,0.2537,0,0.163,0.1981,0,0,0.0167,0.0519,0,0,0,NA,NA,NA,NA,NA,NA,NA,NA,NA,NA,NA
0,0,7.6565,3.2746,1.7583,0.0996,0,0,0,0.3445,0.1337,0,2.6376,0.0661,0.9339,0.9957,0,0,0,0.202,0,14.5894,0.005,0.2111,0,0.6371,1.0832,0,0,2.0949,0,0,1.2772,4.9512,0.4686,0.1869,0.9611,0.7386,0.5359,0,0.0474,0.174,0,0,0.0789,0,0,6.6406,0.6855,0.3303,0,0,1.5297,3.382,4.0472,7.1856,0,0,7.1881,0,1e-04,0,0,0,0,0.7135,0.0747,0.1653,1.4959,0.8155,4.6028,0.8117,1.807,1.8957,0.5728,0.0856,0,0.1255,0.2851,0.1257,0.2913,0,0,0,0,0,0,0,0,0,NA,NA,NA,NA,NA,NA,NA,NA,NA,NA
1.1358,0,7.7101,2.9716,0.6667,0.0327,0.0043,0.0109,0.3786,0,0.0022,0.6624,2.0881,0.3096,1.148,1.333,0.0011,0.0055,0,0.3889,0,14.7881,0,0,0.3382,0.4886,0.0587,0.0866,0.1482,1.3246,0.0486,0.0315,1.576,3.8337,0.4694,0,0.981,0.4512,0.8429,0,0.1094,0.0077,0.0273,0.1664,0.0371,0,0,6.3609,1.1094,0.734,0,0.5766,1.081,2.3352,4.1228,6.6525,0,0.0232,6.6853,0.0308,0.1717,0.0853,0,0,0,0,0.1265,0,1.9931,1.7201,5.0743,1.8886,1.9987,2.6237,0.8885,0.4227,0.135,0.1315,0.0319,0.1314,0.115,0.0665,0,0,0.0191,0,0,0,0,0,0,NA,NA,NA,NA,NA,NA,NA,NA,NA
7.5063,0,6.7625,0.7512,1.0252,0.2034,0.1526,0,0.1203,0,0.1474,0.8876,2.7171,0,1.1282,1.579,0.0474,0,0.3614,0,0,14.1077,0,1.0536,0,0.5586,0.5885,0.1798,0.6406,2.0334,0.0329,0.2708,2.1906,4.2335,0.4011,0.0702,0.3834,0.101,0.5673,0.0694,0.0286,0.149,0.0693,0,0,0,0,6.1183,0.7335,0.3463,0,0,1.1967,1.5555,2.9996,5.6981,0,0,6.3513,0.8924,0.1219,0,0,0,0,0,0.0611,0,1.264,1.326,3.8346,1.027,1.9331,2.8462,1.6793,0.1452,0.5234,0.4324,0.0762,0,0.611,0.0466,0,0.0152,0,0,0.0457,0,0,0,0,0,NA,NA,NA,NA,NA,NA,NA,NA
4.4896,0,8.8817,2.3265,1.3198,0,0.051,0,0.6208,0.6566,0.1114,0,2.6956,0,0.8813,1.0824,0,0,0,0.0679,0,13.5348,0,0,0.3677,0.5728,0.8829,0,0,1.8284,0.061,0.4385,0.6803,4.7194,0.0907,0.2787,0.0406,0.2697,0.4669,0.0316,0.1169,0,0,0,0.2712,0,0,5.9042,0,0.4562,0,0.6315,1.5394,3.4598,4.288,7.9604,0,0.2054,4.3498,0.8162,0,0,0,0,0,0,0.1221,0.4064,2.3401,1.5694,3.5241,1.3417,1.4247,1.9491,1.7526,0.5733,0.541,0.379,0,0.0589,0.5702,0,0,0,0,0,0,0,0,0,0,0,0,NA,NA,NA,NA,NA,NA,NA
2.8528,0,8.3228,3.7447,0.7158,0.3362,0.0046,0,0.5633,0.7005,0.186,0.1604,2.5116,0,1.0008,0.9469,0.0593,0,0.201,0.156,0,11.6778,0,0.9706,0,0,0.4555,0,0.2777,2.1329,0.0892,0.6417,0.4298,5.0114,0.3359,0.166,1.5557,0.2544,1.0482,0,0,0,0,0.3727,0.0699,0,0,4.5155,0.5837,0.547,0,0,0.8486,3.6056,4.1651,7.0631,0,0,4.5134,0.4925,0.1189,0.0347,0.1451,0,0,0.0056,0.0042,2.1223,2.4127,1.7778,5.0123,1.7645,0.9723,2.3381,1.6482,0.3144,0.2989,0.6263,0.2233,0.2359,0.4053,0.1421,0.0391,0,0,0.0196,0,0.0129,0,0,0.0391,0,0,0,NA,NA,NA,NA,NA,NA
2.256,0,7.0216,2.3179,0.6819,0.3015,0,0,0.2787,0.9499,0.1252,0.5988,2.6172,0.0916,0.7871,1.6074,0,0.058,0.2023,0.0829,0,12.2263,0.0928,0.3316,0,0.4843,0.1424,0.081,0,1.5289,0,0.114,1.4013,5.1025,0.085,0.0586,0.4433,0.1841,0.5142,0.0568,0.0189,0.1107,0,0,0.1559,0,0,5.6381,0.7942,0.7095,0,0.8137,1.6534,4.0099,4.584,6.9681,0,0,6.0524,0.7127,0.1137,0.0219,0,0,0,0.3945,0.1048,1.531,3.4976,1.8435,3.9524,1.5365,1.6551,1.8918,1.7218,0.3759,0.5815,0.4359,0.0985,0.2083,0.8669,0.1115,0.0012,0,0,0.0091,0,0,0,0,0,0,0,0,0,NA,NA,NA,NA,NA
0,0,6.5057,0.972,1.2017,0.2052,0,0,0.1337,0.8975,0.1011,0.8525,2.7511,0,1.4293,1.5289,0,0,0.2168,0,0,12.7665,0,0.3591,0,0.1188,0.4901,0.0269,0.2918,1.5079,0.6041,0.2386,1.6409,4.309,0.3827,0,0.7163,0.3234,0.249,0.035,0.035,0.1699,0,0.6738,0.2485,0,0,8.6272,1.1623,0.9672,0,0.4318,1.035,3.2543,3.6584,7.1962,0,0,5.5754,1.2716,0.092,0,0,0,0,0,0,0,4.3338,2.7464,3.6167,1.1856,1.3916,2.0488,1.3909,0.4789,1.1807,0.6325,0.1771,0.2719,1.4992,0.56,0.0647,0,0.1542,0,0.0129,0,0,0,0,0,0,0,0,0,NA,NA,NA,NA
0,0,7.8183,1.595,1.1869,0.3515,0,0.199,0,0,0.0738,0.366,2.3451,0,0.4334,1.4497,0.0228,0,0.0623,0.0802,0,12.8213,0,0.7404,0,0.4669,0.6168,0,0.1531,1.5154,0.1212,0.4763,1.9384,5.4393,0.1887,0.0639,0.7741,0.3855,0.3904,0.0645,0.0322,0.1939,0.0365,0,0.075,0.0221,0,7.8151,0.7411,0.5964,0,0.2497,1.3543,2.0634,3.9701,6.8765,0,0,6.1649,0.1674,0.1325,0,0,0,0,0,0,0,5.2378,3.7159,3.9824,1.4372,1.7075,2.3287,2.1172,0.6594,1.034,0.4666,0.1116,0.1771,1.5768,0.5973,0.0607,0.0159,0.083,0.0016,0.0102,0.0088,0.0217,0.0115,0.0058,0,0,0,0,0,0,NA,NA,NA
4.8549,0,7.0085,0,0.7877,0.1278,0.0126,0.0644,0,0,0.0192,0.4547,2.0632,0,1.1574,1.0769,0.1083,0,0.1559,0.2763,0,12.1056,0,0,0,0.2844,0.7947,0.0545,0.0455,1.098,0.0034,0.5417,2.0419,3.6398,0.2821,0.2404,0.5182,0.5094,0.8566,0,0.0386,0.1913,0,0.0704,0,0,0,8.2432,0.7585,0.1978,0,0.1095,1.0889,2.2229,3.6755,7.5353,0,0,5.2849,0.9875,0.2211,0,0,0,0,0,0.0278,0,6.3782,2.9489,4.6786,2.1453,1.606,2.6157,2.0891,0.5346,0.8483,0.7762,0.1098,0.0386,1.5643,0.4484,0.0494,0.013,0,0,0.0077,0.1116,0,0,0,0.0956,0.0775,0.0259,0,0,0,0,NA,NA
0,0,9.0038,0,0.8742,0.1704,0.0374,0.046,0,0.0487,0.1461,0.4814,1.5189,0.0624,0.9889,1.0125,0.0044,0,0.231,0,0,14.8813,0,0,0,0.5775,0.3292,0.0258,0.239,1.2184,0.1301,0.4527,1.7892,5.813,0.0887,0.2083,0.3736,0.3034,0.6482,0.0548,0,0.1437,0,0,0.0865,0,0,8.6605,1.0398,0.2567,0,0.1545,0.8224,0.8671,2.9611,7.3167,0,0.0041,7.0316,0.7113,0.1084,0,0,0,0,0,0.0906,0,5.1142,3.4709,4.6611,1.7672,2.0616,3.0048,2.3835,0.6375,0.9426,0.7227,0.2326,0.2605,1.7119,0.5572,0.0518,0.0777,0.0422,0,0,0.0304,0.0236,0,0.0065,0.0482,0.1109,0.0315,0.0349,0,0,0,0,NA
